robot_id,timestamp,battery,motor_current,temperature,vibration,speed,operating_hours,navigation_errors,maintenance_risk,anomaly_score,anomaly,health_score,status
R01,0,62.18,8.78,49.62,2.34,1.44,0.0,0,0,2.257,0,100,Healthy
R01,1,61.92,9.9,45.84,2.17,1.64,0.15,0,0,2.236,0,100,Healthy
R01,2,61.82,8.29,32.43,1.29,1.36,0.3,1,0,2.808,0,100,Healthy
R01,3,61.7,7.16,31.3,2.06,1.65,0.45,1,0,2.719,0,100,Healthy
R01,4,61.64,6.62,43.88,2.08,1.43,0.6,1,0,2.044,0,100,Healthy
R01,5,61.56,7.36,41.97,2.34,1.6,0.75,1,0,1.849,0,100,Healthy
R01,6,61.38,6.41,42.98,3.02,1.54,0.9,0,0,2.098,0,100,Healthy
R01,7,61.28,7.86,40.49,1.47,1.32,1.05,1,0,2.181,0,100,Healthy
R01,8,61.16,6.64,42.67,2.91,1.72,1.2,2,0,2.047,0,100,Healthy
R01,9,61.02,6.19,47.5,2.38,1.4,1.35,0,0,2.226,0,100,Healthy
R01,10,60.79,9.0,43.48,1.77,1.48,1.5,2,0,1.833,0,100,Healthy
R01,11,60.54,12.05,37.4,2.22,1.48,1.65,0,1,2.631,0,80,Healthy
R01,12,60.49,6.3,47.21,3.13,1.5,1.8,0,0,2.113,0,100,Healthy
R01,13,60.33,7.05,45.72,2.35,1.39,1.95,0,0,1.919,0,100,Healthy
R01,14,60.05,8.6,47.79,2.68,1.58,2.1,0,0,1.817,0,100,Healthy
R01,15,59.78,9.65,42.88,2.28,1.67,2.25,0,0,1.886,0,100,Healthy
R01,16,59.67,9.53,40.54,0.64,1.59,2.4,0,0,2.61,0,100,Healthy
R01,17,59.59,8.54,41.17,2.65,0.99,2.55,1,0,2.462,0,100,Healthy
R01,18,59.3,5.7,41.87,2.54,2.12,2.7,0,0,3.167,0,100,Healthy
R01,19,59.18,7.77,43.51,2.48,1.21,2.85,1,0,1.826,0,100,Healthy
R01,20,58.96,7.07,45.87,1.94,1.85,3.0,2,0,2.201,0,100,Healthy
R01,21,58.89,7.41,46.62,3.69,1.72,3.15,0,0,2.097,0,100,Healthy
R01,22,58.71,8.78,35.89,2.88,1.27,3.3,1,0,1.956,0,100,Healthy
R01,23,58.62,7.06,40.39,3.07,1.19,3.45,2,0,2.0,0,100,Healthy
R01,24,58.51,8.31,45.91,1.63,1.17,3.6,4,0,2.582,0,100,Healthy
R01,25,58.44,8.35,38.43,3.81,1.62,3.75,1,0,1.831,0,100,Healthy
R01,26,58.22,7.1,36.35,3.04,1.82,3.9,2,0,2.176,0,100,Healthy
R01,27,58.14,6.36,38.14,3.12,1.44,4.05,2,0,1.847,0,100,Healthy
R01,28,57.95,6.31,41.83,1.83,1.74,4.2,0,0,2.153,0,100,Healthy
R01,29,57.74,7.85,45.7,2.18,1.69,4.35,1,0,1.565,0,100,Healthy
R01,30,57.61,8.26,35.77,2.62,1.6,4.5,1,0,1.685,0,100,Healthy
R01,31,57.4,9.27,42.26,3.11,1.77,4.65,1,0,1.67,0,100,Healthy
R01,32,57.28,8.62,44.57,2.86,2.46,4.8,2,0,3.916,0,100,Healthy
R01,33,57.03,7.62,45.79,1.96,1.44,4.95,1,0,1.5,0,100,Healthy
R01,34,56.86,5.85,43.79,2.21,1.52,5.1,0,0,1.931,0,100,Healthy
R01,35,56.61,6.93,40.33,3.59,1.53,5.25,0,0,1.827,0,100,Healthy
R01,36,56.4,16.43562020804333,66.03462917637384,6.723797146977686,1.71,5.4,5,1,6.883,1,25,Critical
R01,37,56.15,7.47,33.65,1.96,1.92,5.55,0,0,2.708,0,100,Healthy
R01,38,56.07,8.38,33.94,3.16,1.82,5.7,0,0,2.359,0,100,Healthy
R01,39,55.78,8.45,50.26,1.57,1.96,5.85,0,0,2.714,0,100,Healthy
R01,40,55.64,7.72,51.36,2.49,1.27,6.0,1,0,1.991,0,100,Healthy
R01,41,55.48,9.96,34.85,2.19,1.53,6.15,1,0,1.939,0,100,Healthy
R01,42,55.3,8.49,46.55,2.36,1.52,6.3,2,0,1.368,0,100,Healthy
R01,43,55.16,7.26,52.56,2.98,1.52,6.45,2,0,1.995,0,100,Healthy
R01,44,55.06,7.42,43.04,3.12,1.38,6.6,0,0,1.611,0,100,Healthy
R01,45,54.8,7.25,40.22,3.17,1.86,6.75,3,0,2.212,0,100,Healthy
R01,46,54.71,8.9,45.05,2.49,1.53,6.9,1,0,1.279,0,100,Healthy
R01,47,54.57,15.036289329769033,58.22430802150447,4.8325183215030805,1.57,7.05,7,1,5.568,1,25,Critical
R01,48,54.3,8.39,41.35,2.57,1.65,7.2,1,0,1.388,0,100,Healthy
R01,49,54.18,9.45,36.02,3.04,1.67,7.35,1,0,1.86,0,100,Healthy
R01,50,54.0,8.09,38.61,3.18,1.46,7.5,0,0,1.688,0,100,Healthy
R01,51,53.92,8.5,39.18,1.92,1.56,7.65,0,0,1.754,0,100,Healthy
R01,52,53.7,7.43,43.16,1.49,1.15,7.8,4,0,2.689,0,100,Healthy
R01,53,53.63,8.37,49.38,3.1,1.46,7.95,0,0,1.811,0,100,Healthy
R01,54,53.45,7.98,40.56,2.73,1.29,8.1,3,0,1.848,0,100,Healthy
R01,55,53.33,7.59,44.29,2.55,1.75,8.25,1,0,1.694,0,100,Healthy
R01,56,53.14,8.03,44.49,3.52,1.74,8.4,1,0,1.813,0,100,Healthy
R01,57,52.95,7.87,46.88,1.48,1.7,8.55,0,0,2.161,0,100,Healthy
R01,58,52.78,9.24,32.95,1.16,1.59,8.7,2,0,2.592,0,100,Healthy
R01,59,52.5,8.89,49.38,2.99,1.47,8.85,1,0,1.737,0,100,Healthy
R01,60,52.45,9.42,39.65,1.3,1.84,9.0,3,0,2.594,0,100,Healthy
R01,61,52.29,7.87,41.72,2.68,1.58,9.15,5,1,2.539,0,85,Healthy
R01,62,52.18,6.72,41.29,2.58,1.63,9.3,0,0,1.923,0,100,Healthy
R01,63,51.96,9.157152856974923,63.65413610394879,4.473234517874015,1.31,9.45,6,1,4.715,0,45,Critical
R01,64,51.7,19.125929782197698,62.61661538781886,5.524245139780264,1.74,9.6,7,1,7.459,1,25,Critical
R01,65,51.64,8.77,48.84,1.82,1.67,9.75,0,0,2.18,0,100,Healthy
R01,66,51.59,9.27,33.21,1.67,0.99,9.9,1,0,3.124,0,100,Healthy
R01,67,51.41,7.42,48.67,3.19,1.58,10.05,1,0,1.929,0,100,Healthy
R01,68,51.13,5.96,41.72,2.77,1.49,10.2,1,0,2.019,0,100,Healthy
R01,69,50.92,7.85,41.62,1.73,1.62,10.35,0,0,2.089,0,100,Healthy
R01,70,50.65,10.47,40.4,2.19,1.38,10.5,0,0,2.214,0,100,Healthy
R01,71,50.56,7.02,39.2,1.5,1.45,10.65,0,0,2.351,0,100,Healthy
R01,72,50.38,7.88,42.21,2.86,1.8,10.8,0,0,2.217,0,100,Healthy
R01,73,50.11,9.02,38.9,1.98,1.64,10.95,0,0,2.195,0,100,Healthy
R01,74,49.97,10.85,40.45,2.06,0.95,11.1,1,0,3.108,0,100,Healthy
R01,75,49.86,14.093889576571366,58.18937333577183,11.189632709021915,1.78,11.25,6,1,9.297,1,25,Critical
R01,76,49.69,6.07,43.02,1.97,1.14,11.4,0,0,2.771,0,100,Healthy
R01,77,49.56,7.22,36.59,3.68,1.72,11.55,2,0,2.529,0,100,Healthy
R01,78,49.38,18.031391383980203,58.37316505626126,3.5751085998645884,1.45,11.7,4,1,5.773,1,60,Warning
R01,79,49.24,9.11,51.55,1.52,1.64,11.85,0,0,2.726,0,100,Healthy
R01,80,49.15,7.22,39.56,2.09,1.28,12.0,0,0,2.453,0,100,Healthy
R01,81,48.88,8.06,37.85,2.69,1.49,12.15,0,0,2.26,0,100,Healthy
R01,82,48.73,7.31,45.78,2.85,1.26,12.3,2,0,2.338,0,100,Healthy
R01,83,48.61,7.2,44.85,1.97,1.05,12.45,1,0,2.85,0,100,Healthy
R01,84,48.53,6.17,45.99,1.7,1.57,12.6,1,0,2.559,0,100,Healthy
R01,85,48.47,6.97,40.08,3.2,1.36,12.75,0,0,2.471,0,100,Healthy
R01,86,48.24,8.64,49.21,0.77,1.3,12.9,0,0,3.12,0,100,Healthy
R01,87,47.96,8.45,38.98,2.56,1.46,13.05,2,0,2.267,0,100,Healthy
R01,88,47.71,7.41,39.84,2.78,1.39,13.2,1,0,2.338,0,100,Healthy
R01,89,47.57,7.68,46.74,2.32,1.83,13.35,1,0,2.657,0,100,Healthy
R01,90,47.45,8.02,50.38,2.73,1.45,13.5,1,0,2.516,0,100,Healthy
R01,91,47.17,6.94,43.43,2.62,1.64,13.65,0,0,2.56,0,100,Healthy
R01,92,47.09,8.61,48.24,3.18,1.52,13.8,1,0,2.475,0,100,Healthy
R01,93,46.96,9.0,37.72,2.55,1.38,13.95,2,0,2.558,0,100,Healthy
R01,94,46.7,7.68,37.11,2.19,1.59,14.1,0,0,2.737,0,100,Healthy
R01,95,46.47,9.04,48.78,2.79,1.97,14.25,0,0,3.231,0,100,Healthy
R01,96,46.34,5.87,49.48,2.96,1.49,14.4,0,0,3.009,0,100,Healthy
R01,97,46.14,10.93,42.65,2.58,1.68,14.55,3,0,2.973,0,100,Healthy
R01,98,45.95,6.39,51.43,2.63,1.53,14.7,2,0,2.998,0,100,Healthy
R01,99,45.65,11.05,44.62,2.09,1.47,14.85,0,0,3.0,0,100,Healthy
R02,0,88.12,6.79,33.73,3.08,1.52,0.0,0,0,2.863,0,100,Healthy
R02,1,87.98,7.6,50.35,2.32,1.12,0.15,0,0,2.994,0,100,Healthy
R02,2,87.89,4.76,41.73,2.34,1.67,0.3,1,0,2.882,0,100,Healthy
R02,3,87.84,6.78,44.58,1.94,1.46,0.45,2,0,2.396,0,100,Healthy
R02,4,87.77,10.910797403803,59.65134844711094,4.640980825331392,1.54,0.6,7,1,5.041,0,45,Critical
R02,5,87.71,11.08,36.46,3.47,0.84,0.75,1,0,3.742,0,100,Healthy
R02,6,87.52,7.59,40.14,1.51,1.31,0.9,1,0,2.492,0,100,Healthy
R02,7,87.46,8.58,38.14,2.44,1.51,1.05,0,0,2.258,0,100,Healthy
R02,8,87.36,8.12,41.35,2.85,1.24,1.2,0,0,2.347,0,100,Healthy
R02,9,87.28,8.98,37.3,2.66,1.56,1.35,1,0,2.139,0,100,Healthy
R02,10,87.18,8.71,40.45,2.73,1.19,1.5,2,0,2.307,0,100,Healthy
R02,11,87.04,7.15,34.96,1.41,1.65,1.65,1,0,2.676,0,100,Healthy
R02,12,86.86,5.9,39.28,3.18,1.49,1.8,1,0,2.321,0,100,Healthy
R02,13,86.8,8.37,33.45,1.56,1.69,1.95,0,0,2.756,0,100,Healthy
R02,14,86.54,8.02,43.74,2.12,1.31,2.1,0,0,2.131,0,100,Healthy
R02,15,86.26,8.24,37.11,2.79,1.07,2.25,2,0,2.597,0,100,Healthy
R02,16,86.21,8.31,46.91,3.67,1.75,2.4,0,0,2.335,0,100,Healthy
R02,17,85.93,5.79,35.6,2.06,1.51,2.55,0,0,2.571,0,100,Healthy
R02,18,85.7,8.22,38.22,2.07,1.15,2.7,0,0,2.443,0,100,Healthy
R02,19,85.56,6.83,47.27,1.84,2.16,2.85,3,0,3.386,0,100,Healthy
R02,20,85.5,8.73,34.4,2.5,1.34,3.0,1,0,2.158,0,100,Healthy
R02,21,85.26,7.96,50.85,2.06,1.95,3.15,0,0,2.767,0,100,Healthy
R02,22,85.0,8.76,46.86,2.94,1.11,3.3,0,0,2.343,0,100,Healthy
R02,23,84.93,12.429736045840363,60.821377471653534,4.264851308123458,1.17,3.45,9,1,5.952,1,25,Critical
R02,24,84.71,7.46,45.16,1.43,1.49,3.6,2,0,1.961,0,100,Healthy
R02,25,84.48,8.98,42.67,2.81,1.45,3.75,4,0,2.054,0,100,Healthy
R02,26,84.35,6.31,44.51,1.77,1.82,3.9,1,0,2.285,0,100,Healthy
R02,27,84.22,9.74,42.98,3.22,1.13,4.05,2,0,2.144,0,100,Healthy
R02,28,84.17,8.1,47.33,2.14,1.85,4.2,1,0,2.055,0,100,Healthy
R02,29,83.9,5.98,33.21,1.89,1.7,4.35,0,0,2.653,0,100,Healthy
R02,30,83.76,6.79,36.75,1.15,1.2,4.5,1,0,2.576,0,100,Healthy
R02,31,83.47,9.18,40.93,2.47,1.67,4.65,1,0,1.466,0,100,Healthy
R02,32,83.17,9.4,50.11,1.4,1.52,4.8,0,0,2.176,0,100,Healthy
R02,33,83.07,8.67,38.89,2.15,1.46,4.95,4,0,2.051,0,100,Healthy
R02,34,82.92,8.96,47.24,2.74,1.41,5.1,0,0,1.545,0,100,Healthy
R02,35,82.81,10.83,46.69,1.91,1.54,5.25,1,0,1.838,0,100,Healthy
R02,36,82.73,8.34,43.67,2.96,2.0,5.4,0,0,2.339,0,100,Healthy
R02,37,82.58,6.34,38.35,2.48,1.95,5.55,0,0,2.503,0,100,Healthy
R02,38,82.47,7.38,43.12,2.49,1.8,5.7,1,0,1.638,0,100,Healthy
R02,39,82.22,9.59,36.34,1.35,1.62,5.85,4,0,2.516,0,100,Healthy
R02,40,81.99,8.6,46.29,3.21,1.88,6.0,1,0,1.878,0,100,Healthy
R02,41,81.72,13.999873185197645,54.21410123382637,5.448415785050189,1.3,6.15,5,1,4.722,0,45,Critical
R02,42,81.47,8.03,48.39,2.63,1.51,6.3,1,0,1.234,0,100,Healthy
R02,43,81.26,9.79,43.07,2.69,1.4,6.45,2,0,1.207,0,100,Healthy
R02,44,81.05,8.21,44.04,2.37,1.4,6.6,1,0,1.019,0,100,Healthy
R02,45,80.85,9.43,34.38,2.11,1.59,6.75,1,0,1.769,0,100,Healthy
R02,46,80.8,7.84,31.82,3.01,1.77,6.9,1,0,2.215,0,100,Healthy
R02,47,80.5,9.005859906927183,41.65437625552693,5.367958774103362,1.37,7.05,6,1,3.743,0,65,Warning
R02,48,80.43,9.35,48.55,2.34,1.21,7.2,2,0,1.739,0,100,Healthy
R02,49,80.28,9.08,40.97,2.0,1.33,7.35,0,0,1.501,0,100,Healthy
R02,50,80.07,9.14,40.29,2.85,1.49,7.5,0,0,1.208,0,100,Healthy
R02,51,79.8,8.85,45.61,2.82,1.65,7.65,1,0,1.037,0,100,Healthy
R02,52,79.74,8.24,45.55,2.44,1.86,7.8,0,0,1.796,0,100,Healthy
R02,53,79.66,7.19,51.0,2.47,1.14,7.95,0,0,2.232,0,100,Healthy
R02,54,79.46,9.01,38.74,2.19,1.03,8.1,0,0,2.291,0,100,Healthy
R02,55,79.4,7.46,29.88,1.39,1.69,8.25,3,0,2.776,0,100,Healthy
R02,56,79.23,7.68,39.98,4.18,1.49,8.4,2,1,1.706,0,80,Healthy
R02,57,79.09,6.95,42.19,2.31,1.48,8.55,0,0,1.34,0,100,Healthy
R02,58,78.95,8.23,36.69,3.19,1.66,8.7,0,0,1.629,0,100,Healthy
R02,59,78.85,8.33,38.01,3.77,1.59,8.85,3,0,1.76,0,100,Healthy
R02,60,78.6,9.58,42.99,3.95,1.33,9.0,2,0,1.664,0,100,Healthy
R02,61,78.53,7.22,39.58,2.28,1.61,9.15,1,0,1.251,0,100,Healthy
R02,62,78.44,8.74,47.65,4.58,1.48,9.3,1,1,2.043,0,80,Healthy
R02,63,78.14,8.05,42.6,2.93,1.24,9.45,0,0,1.519,0,100,Healthy
R02,64,78.08,7.69,33.66,2.78,1.66,9.6,1,0,1.8,0,100,Healthy
R02,65,77.95,6.13,52.01,2.43,1.95,9.75,2,0,2.631,0,100,Healthy
R02,66,77.83,8.96,42.9,2.87,1.19,9.9,2,0,1.538,0,100,Healthy
R02,67,77.6,8.39,40.54,1.34,1.49,10.05,2,0,1.606,0,100,Healthy
R02,68,77.46,6.61,43.6,2.76,1.48,10.2,0,0,1.452,0,100,Healthy
R02,69,77.24,9.33,38.46,1.41,1.43,10.35,0,0,1.883,0,100,Healthy
R02,70,77.15,5.49,43.27,2.32,1.81,10.5,0,0,2.227,0,100,Healthy
R02,71,76.95,12.773781702390831,54.699536257133644,4.6916278608046635,1.81,10.65,9,1,5.629,1,45,Critical
R02,72,76.75,7.64,43.9,2.27,1.36,10.8,0,0,1.443,0,100,Healthy
R02,73,76.57,7.84,36.83,2.37,1.61,10.95,1,0,1.486,0,100,Healthy
R02,74,76.48,9.1,43.73,3.2,0.78,11.1,1,0,3.039,0,100,Healthy
R02,75,76.4,6.87,45.22,2.69,1.34,11.25,2,0,1.492,0,100,Healthy
R02,76,76.17,7.96,52.02,3.17,1.58,11.4,1,0,1.805,0,100,Healthy
R02,77,75.89,9.33,47.94,2.95,1.21,11.55,1,0,1.793,0,100,Healthy
R02,78,75.81,9.21,40.74,2.74,1.86,11.7,2,0,1.859,0,100,Healthy
R02,79,75.68,9.26,44.85,3.01,1.66,11.85,1,0,1.386,0,100,Healthy
R02,80,75.6,7.79,42.08,1.73,1.14,12.0,1,0,2.069,0,100,Healthy
R02,81,75.45,6.14,40.48,1.59,1.35,12.15,0,0,2.188,0,100,Healthy
R02,82,75.25,9.31,49.67,0.93,1.33,12.3,2,0,2.429,0,100,Healthy
R02,83,75.2,6.61,34.34,3.51,1.04,12.45,1,0,2.82,0,100,Healthy
R02,84,74.96,8.71,46.27,3.03,1.57,12.6,0,0,1.595,0,100,Healthy
R02,85,74.67,7.1,40.6,1.31,1.48,12.75,0,0,2.117,0,100,Healthy
R02,86,74.55,8.22,48.96,3.14,1.11,12.9,1,0,2.251,0,100,Healthy
R02,87,74.39,7.84,41.2,1.82,1.64,13.05,2,0,1.744,0,100,Healthy
R02,88,74.2,9.68,41.62,2.09,1.52,13.2,2,0,1.653,0,100,Healthy
R02,89,73.95,7.66,44.01,2.85,1.18,13.35,1,0,1.941,0,100,Healthy
R02,90,73.67,6.51,38.54,2.0,1.72,13.5,1,0,2.14,0,100,Healthy
R02,91,73.46,8.29,38.09,4.06,1.19,13.65,0,1,2.531,0,80,Healthy
R02,92,73.22,7.58,44.27,3.36,1.91,13.8,1,0,2.307,0,100,Healthy
R02,93,73.07,7.89,54.9,1.94,1.91,13.95,1,0,2.941,0,100,Healthy
R02,94,72.85,8.36,39.33,1.36,1.64,14.1,0,0,2.276,0,100,Healthy
R02,95,72.78,6.68,38.44,2.09,1.45,14.25,1,0,2.045,0,100,Healthy
R02,96,72.53,8.28,34.22,2.73,1.71,14.4,1,0,2.272,0,100,Healthy
R02,97,72.4,8.83,51.73,2.32,1.93,14.55,0,0,2.818,0,100,Healthy
R02,98,72.21,6.81,45.15,1.86,1.52,14.7,1,0,2.058,0,100,Healthy
R02,99,72.07,15.365269469665696,62.97215903804774,3.8122950230037214,1.42,14.85,10,1,6.944,1,45,Critical
R03,0,77.34,7.37,43.81,2.85,1.65,0.0,1,0,1.973,0,100,Healthy
R03,1,77.22,7.06,35.34,1.21,1.63,0.15,1,0,2.68,0,100,Healthy
R03,2,77.02,9.0,42.16,2.68,1.5,0.3,1,0,1.761,0,100,Healthy
R03,3,76.73,8.1,41.51,3.14,1.43,0.45,3,0,2.007,0,100,Healthy
R03,4,76.66,6.57,40.23,1.77,1.83,0.6,3,0,2.637,0,100,Healthy
R03,5,76.4,7.97,46.09,3.47,1.64,0.75,0,0,2.056,0,100,Healthy
R03,6,76.22,6.72,40.47,2.07,1.45,0.9,0,0,2.079,0,100,Healthy
R03,7,76.14,8.07,44.65,2.45,1.62,1.05,0,0,1.816,0,100,Healthy
R03,8,75.96,6.87,41.28,1.65,1.65,1.2,2,0,2.081,0,100,Healthy
R03,9,75.9,7.74,49.45,2.6,1.42,1.35,1,0,1.833,0,100,Healthy
R03,10,75.81,7.56,38.47,2.71,1.34,1.5,0,0,1.933,0,100,Healthy
R03,11,75.63,6.16,46.56,2.85,2.07,1.65,1,0,2.888,0,100,Healthy
R03,12,75.36,11.313944847577993,56.619114060333985,3.04639075801421,1.05,1.8,8,1,5.023,0,65,Warning
R03,13,75.21,7.53,41.92,3.1,1.3,1.95,0,0,1.825,0,100,Healthy
R03,14,75.02,6.81,41.85,1.13,2.02,2.1,1,0,2.918,0,100,Healthy
R03,15,74.85,7.47,37.58,2.38,1.93,2.25,1,0,2.315,0,100,Healthy
R03,16,74.69,8.34,43.04,3.3,1.22,2.4,1,0,1.742,0,100,Healthy
R03,17,74.43,10.59,38.97,3.02,1.57,2.55,2,0,1.767,0,100,Healthy
R03,18,74.25,8.55,38.61,3.91,1.53,2.7,0,0,1.903,0,100,Healthy
R03,19,74.18,7.56,42.92,1.56,1.26,2.85,0,0,2.004,0,100,Healthy
R03,20,73.93,6.74,44.68,3.33,1.68,3.0,0,0,1.805,0,100,Healthy
R03,21,73.88,9.2,38.22,1.5,1.88,3.15,0,0,2.39,0,100,Healthy
R03,22,73.8,9.59,44.78,2.82,2.04,3.3,0,0,2.505,0,100,Healthy
R03,23,73.51,7.23,46.64,2.54,1.57,3.45,2,0,1.326,0,100,Healthy
R03,24,73.29,7.56,37.8,1.77,1.01,3.6,1,0,2.485,0,100,Healthy
R03,25,73.01,7.42,40.34,2.65,1.46,3.75,1,0,1.126,0,100,Healthy
R03,26,72.75,7.8,43.41,2.33,1.9,3.9,3,0,2.034,0,100,Healthy
R03,27,72.66,8.39,42.15,2.43,1.48,4.05,2,0,0.931,0,100,Healthy
R03,28,72.48,8.59,45.62,4.11,1.77,4.2,1,1,1.885,0,80,Healthy
R03,29,72.29,8.9,43.91,3.4,1.67,4.35,0,0,1.418,0,100,Healthy
R03,30,72.12,7.75,37.75,2.09,1.65,4.5,2,0,1.429,0,100,Healthy
R03,31,72.03,9.44,38.95,2.41,1.5,4.65,1,0,1.086,0,100,Healthy
R03,32,71.79,6.26,36.47,2.18,1.29,4.8,2,0,1.899,0,100,Healthy
R03,33,71.63,8.71,43.69,1.31,1.86,4.95,1,0,1.998,0,100,Healthy
R03,34,71.58,6.17,48.31,2.11,2.14,5.1,1,0,2.931,0,100,Healthy
R03,35,71.38,10.23,51.43,3.64,1.74,5.25,1,0,2.061,0,100,Healthy
R03,36,71.13,7.02,41.98,2.38,1.39,5.4,3,0,1.371,0,100,Healthy
R03,37,70.97,12.530324651592418,55.537728605698454,3.2119385818252377,1.47,5.55,5,1,3.482,0,45,Critical
R03,38,70.77,8.23,44.88,3.8,1.23,5.7,1,0,1.571,0,100,Healthy
R03,39,70.61,7.55,47.44,3.82,1.89,5.85,0,0,2.161,0,100,Healthy
R03,40,70.47,8.17,33.16,2.73,1.46,6.0,0,0,1.75,0,100,Healthy
R03,41,70.32,8.62,39.34,1.68,0.78,6.15,0,0,3.139,0,100,Healthy
R03,42,70.25,7.97,50.86,3.66,1.39,6.3,1,0,1.597,0,100,Healthy
R03,43,70.04,8.47,39.13,2.75,1.53,6.45,0,0,1.011,0,100,Healthy
R03,44,69.98,6.83,37.54,2.75,1.44,6.6,0,0,1.427,0,100,Healthy
R03,45,69.86,7.64,49.84,2.13,1.5,6.75,0,0,1.451,0,100,Healthy
R03,46,69.58,13.704678210287412,52.59669329924907,2.8050556046972335,1.24,6.9,8,1,4.862,0,65,Warning
R03,47,69.37,8.08,44.58,1.41,1.37,7.05,2,0,1.396,0,100,Healthy
R03,48,69.16,8.35,35.22,2.83,1.49,7.2,1,0,1.237,0,100,Healthy
R03,49,69.08,7.49,39.29,2.94,1.39,7.35,1,0,0.927,0,100,Healthy
R03,50,69.0,8.51,45.47,2.62,1.41,7.5,1,0,0.567,0,100,Healthy
R03,51,68.83,6.48,41.71,2.19,2.0,7.65,1,0,2.225,0,100,Healthy
R03,52,68.65,8.02,38.36,2.37,1.84,7.8,0,0,1.726,0,100,Healthy
R03,53,68.4,7.22,38.0,2.16,1.26,7.95,2,0,1.515,0,100,Healthy
R03,54,68.13,7.65,34.18,3.12,1.48,8.1,1,0,1.507,0,100,Healthy
R03,55,68.05,9.25,44.53,3.42,1.36,8.25,1,0,1.031,0,100,Healthy
R03,56,67.87,9.1,38.66,3.81,1.77,8.4,1,0,1.678,0,100,Healthy
R03,57,67.6,6.54,42.59,3.19,1.66,8.55,0,0,1.46,0,100,Healthy
R03,58,67.33,7.68,44.42,2.12,1.37,8.7,2,0,1.008,0,100,Healthy
R03,59,67.17,7.12,43.02,2.63,1.56,8.85,2,0,0.873,0,100,Healthy
R03,60,66.87,9.38,49.16,1.67,1.44,9.0,0,0,1.681,0,100,Healthy
R03,61,66.68,10.15,43.12,1.94,1.65,9.15,3,0,1.608,0,100,Healthy
R03,62,66.56,9.58,41.41,1.01,1.35,9.3,2,0,1.901,0,100,Healthy
R03,63,66.46,9.01,44.73,2.33,1.41,9.45,0,0,1.131,0,100,Healthy
R03,64,66.33,9.94,40.39,3.35,1.88,9.6,0,0,2.028,0,100,Healthy
R03,65,66.07,8.48,41.88,1.87,1.58,9.75,1,0,1.075,0,100,Healthy
R03,66,65.84,7.52,44.62,2.14,1.69,9.9,2,0,1.273,0,100,Healthy
R03,67,65.72,9.23,35.42,3.01,1.67,10.05,1,0,1.597,0,100,Healthy
R03,68,65.44,14.348339595632355,64.42372584330255,5.338702588360879,1.26,10.2,5,1,5.514,1,25,Critical
R03,69,65.3,7.36,41.55,2.73,1.55,10.35,0,0,1.248,0,100,Healthy
R03,70,65.03,8.62,40.7,3.02,1.65,10.5,0,0,1.342,0,100,Healthy
R03,71,64.74,6.88,47.43,2.12,1.7,10.65,1,0,1.63,0,100,Healthy
R03,72,64.51,6.91,42.46,1.18,1.43,10.8,1,0,1.873,0,100,Healthy
R03,73,64.39,9.14,50.55,2.43,1.46,10.95,1,0,1.547,0,100,Healthy
R03,74,64.19,7.12,42.18,2.74,1.79,11.1,0,0,1.786,0,100,Healthy
R03,75,64.12,8.32,45.21,2.96,2.17,11.25,1,0,2.809,0,100,Healthy
R03,76,63.96,8.61,48.87,2.4,1.74,11.4,2,0,1.701,0,100,Healthy
R03,77,63.74,8.09,33.99,2.33,1.29,11.55,1,0,1.998,0,100,Healthy
R03,78,63.45,9.77,45.06,4.1,1.53,11.7,0,1,2.007,0,80,Healthy
R03,79,63.33,7.47,30.96,2.35,0.98,11.85,0,0,3.14,0,100,Healthy
R03,80,63.13,11.369398830615996,52.605169431075566,4.418927132775285,1.5,12.0,7,1,4.261,0,65,Warning
R03,81,63.03,9.3,39.11,2.84,2.18,12.15,0,0,3.087,0,100,Healthy
R03,82,62.74,7.07,41.03,1.88,1.57,12.3,0,0,1.84,0,100,Healthy
R03,83,62.57,7.98,47.38,2.22,1.34,12.45,1,0,1.678,0,100,Healthy
R03,84,62.41,8.32,44.54,1.39,1.72,12.6,3,0,2.211,0,100,Healthy
R03,85,62.21,15.232164239883641,57.35282098748216,3.3579236342700023,1.59,12.75,7,1,5.288,1,45,Critical
R03,86,62.06,7.75,37.06,2.41,1.52,12.9,0,0,1.905,0,100,Healthy
R03,87,61.92,11.706483029817253,63.52158091110623,3.917073447425411,1.85,13.05,8,1,5.6,1,65,Warning
R03,88,61.72,8.25,45.79,2.77,1.66,13.2,0,0,1.826,0,100,Healthy
R03,89,61.44,8.07,38.28,1.31,1.34,13.35,1,0,2.245,0,100,Healthy
R03,90,61.38,8.19,36.86,3.39,1.28,13.5,3,0,2.321,0,100,Healthy
R03,91,61.16,6.87,36.53,2.31,1.86,13.65,4,0,2.899,0,100,Healthy
R03,92,61.03,5.8,47.86,3.61,1.69,13.8,1,0,2.472,0,100,Healthy
R03,93,60.94,6.67,40.93,2.28,1.69,13.95,0,0,2.212,0,100,Healthy
R03,94,60.88,9.57,48.98,2.11,1.45,14.1,1,0,2.09,0,100,Healthy
R03,95,60.66,6.05,48.36,3.82,1.38,14.25,0,0,2.63,0,100,Healthy
R03,96,60.49,8.01,39.62,2.43,1.6,14.4,0,0,2.067,0,100,Healthy
R03,97,60.43,6.68,40.19,1.24,1.41,14.55,1,0,2.498,0,100,Healthy
R03,98,60.15,8.84,40.33,3.32,1.59,14.7,1,0,2.028,0,100,Healthy
R03,99,59.86,6.15,34.57,2.87,0.99,14.85,0,0,3.336,0,100,Healthy
R04,0,73.04,8.77,44.5,1.24,1.36,0.0,0,0,2.411,0,100,Healthy
R04,1,72.94,7.8,39.64,1.11,1.69,0.15,1,0,2.451,0,100,Healthy
R04,2,72.78,13.344025769732935,66.46356323240761,4.733327888697852,1.72,0.3,7,1,5.952,1,25,Critical
R04,3,72.68,7.44,41.47,4.35,1.12,0.45,0,1,2.848,0,80,Healthy
R04,4,72.39,8.3,44.34,3.26,1.52,0.6,0,0,1.847,0,100,Healthy
R04,5,72.14,8.32,40.28,2.94,1.41,0.75,1,0,1.678,0,100,Healthy
R04,6,71.97,7.98,43.95,2.68,1.76,0.9,1,0,1.839,0,100,Healthy
R04,7,71.87,7.29,48.87,1.01,2.28,1.05,3,0,3.961,0,100,Healthy
R04,8,71.62,8.5,49.46,3.32,1.45,1.2,1,0,1.852,0,100,Healthy
R04,9,71.34,8.71,27.3,2.96,1.55,1.35,0,0,2.917,0,100,Healthy
R04,10,71.18,9.35,46.74,1.96,1.6,1.5,0,0,1.89,0,100,Healthy
R04,11,71.04,7.25,46.31,3.17,1.63,1.65,0,0,1.836,0,100,Healthy
R04,12,70.98,8.87,44.58,2.05,1.61,1.8,3,0,1.781,0,100,Healthy
R04,13,70.72,7.08,43.06,1.93,1.49,1.95,1,0,1.614,0,100,Healthy
R04,14,70.65,7.05,40.46,1.17,1.55,2.1,0,0,2.191,0,100,Healthy
R04,15,70.48,8.79,46.69,1.37,1.31,2.25,0,0,2.11,0,100,Healthy
R04,16,70.36,9.0,41.03,2.31,1.0,2.4,0,0,2.467,0,100,Healthy
R04,17,70.15,8.07,43.39,3.45,1.17,2.55,0,0,2.017,0,100,Healthy
R04,18,69.88,4.38,42.92,3.76,1.81,2.7,0,0,2.837,0,100,Healthy
R04,19,69.66,8.97,37.13,2.83,1.63,2.85,1,0,1.521,0,100,Healthy
R04,20,69.57,7.11,46.45,1.22,1.49,3.0,0,0,2.056,0,100,Healthy
R04,21,69.36,7.25,42.08,3.17,1.24,3.15,0,0,1.783,0,100,Healthy
R04,22,69.1,6.97,47.63,2.31,1.31,3.3,0,0,1.788,0,100,Healthy
R04,23,68.84,9.23,38.68,2.39,1.74,3.45,1,0,1.556,0,100,Healthy
R04,24,68.55,8.32,39.09,0.79,1.47,3.6,2,0,2.123,0,100,Healthy
R04,25,68.46,9.16,48.18,2.56,1.55,3.75,0,0,1.445,0,100,Healthy
R04,26,68.38,8.74,48.02,2.4,1.39,3.9,2,0,1.292,0,100,Healthy
R04,27,68.22,7.34,35.9,2.14,1.46,4.05,1,0,1.577,0,100,Healthy
R04,28,67.96,7.52,44.41,2.24,2.03,4.2,1,0,2.286,0,100,Healthy
R04,29,67.74,6.14,46.09,2.76,1.27,4.35,1,0,1.696,0,100,Healthy
R04,30,67.53,9.86,38.19,2.63,1.46,4.5,0,0,1.468,0,100,Healthy
R04,31,67.39,5.91,42.6,1.43,1.22,4.65,0,0,2.28,0,100,Healthy
R04,32,67.31,7.74,28.81,3.05,0.9,4.8,1,0,3.315,0,100,Healthy
R04,33,67.14,8.03,44.74,1.67,1.78,4.95,2,0,1.639,0,100,Healthy
R04,34,66.85,8.81,44.96,2.25,1.36,5.1,0,0,1.243,0,100,Healthy
R04,35,66.73,8.12,49.75,1.63,1.13,5.25,0,0,2.254,0,100,Healthy
R04,36,66.6,8.2,42.25,2.62,1.56,5.4,1,0,0.651,0,100,Healthy
R04,37,66.45,11.564596341980561,54.68970429687009,4.17464768544017,1.3,5.55,4,1,3.222,0,80,Healthy
R04,38,66.28,8.03,43.15,1.62,1.35,5.7,0,0,1.503,0,100,Healthy
R04,39,66.2,9.54,44.79,1.72,1.56,5.85,2,0,1.259,0,100,Healthy
R04,40,65.98,7.03,35.71,2.34,1.62,6.0,2,0,1.555,0,100,Healthy
R04,41,65.91,7.0,52.45,1.37,1.55,6.15,1,0,2.082,0,100,Healthy
R04,42,65.84,9.01,38.91,4.03,1.03,6.3,1,1,2.375,0,80,Healthy
R04,43,65.75,6.29,40.67,2.2,1.65,6.45,1,0,1.41,0,100,Healthy
R04,44,65.47,8.06,43.66,2.2,1.1,6.6,1,0,1.717,0,100,Healthy
R04,45,65.26,8.51,42.1,2.05,1.62,6.75,1,0,0.899,0,100,Healthy
R04,46,65.15,9.67,47.88,2.66,1.2,6.9,2,0,1.604,0,100,Healthy
R04,47,65.1,13.618833651585394,55.2417568746215,6.372534725579059,1.18,7.05,3,1,4.896,0,40,Critical
R04,48,64.97,8.56,45.57,2.39,1.28,7.2,0,0,1.32,0,100,Healthy
R04,49,64.8,7.04,43.69,1.97,1.11,7.35,2,0,1.897,0,100,Healthy
R04,50,64.55,6.39,33.98,2.67,1.54,7.5,2,0,1.814,0,100,Healthy
R04,51,64.31,8.49,34.1,3.47,1.19,7.65,0,0,2.169,0,100,Healthy
R04,52,64.21,6.17,42.16,2.65,1.45,7.8,0,0,1.449,0,100,Healthy
R04,53,63.92,6.15,51.92,2.88,2.16,7.95,1,0,3.139,0,100,Healthy
R04,54,63.78,7.77,46.61,2.41,1.88,8.1,1,0,1.704,0,100,Healthy
R04,55,63.59,7.34,36.87,2.24,1.61,8.25,0,0,1.562,0,100,Healthy
R04,56,63.52,8.01,45.55,3.39,1.41,8.4,1,0,1.041,0,100,Healthy
R04,57,63.3,8.82,47.96,1.25,1.58,8.55,1,0,1.698,0,100,Healthy
R04,58,63.21,8.83,29.21,1.99,1.24,8.7,0,0,2.648,0,100,Healthy
R04,59,63.11,9.46,46.1,2.32,1.78,8.85,0,0,1.646,0,100,Healthy
R04,60,62.97,9.04,44.9,2.18,1.22,9.0,4,0,2.066,0,100,Healthy
R04,61,62.78,7.28,43.14,3.76,1.6,9.15,0,0,1.582,0,100,Healthy
R04,62,62.53,8.68,42.53,1.39,1.7,9.3,2,0,1.66,0,100,Healthy
R04,63,62.35,5.23,42.79,3.26,1.75,9.45,2,0,2.081,0,100,Healthy
R04,64,62.12,7.49,45.38,2.12,1.64,9.6,0,0,1.46,0,100,Healthy
R04,65,61.99,9.27,46.69,2.94,1.52,9.75,1,0,1.109,0,100,Healthy
R04,66,61.9,8.83,46.25,2.29,1.48,9.9,1,0,1.091,0,100,Healthy
R04,67,61.67,7.93,44.27,3.04,1.25,10.05,3,0,1.68,0,100,Healthy
R04,68,61.49,8.84,44.1,2.84,1.37,10.2,1,0,1.116,0,100,Healthy
R04,69,61.41,6.66,36.94,2.76,1.7,10.35,1,0,1.783,0,100,Healthy
R04,70,61.21,9.45,43.31,2.24,1.54,10.5,1,0,1.208,0,100,Healthy
R04,71,61.08,9.5,34.42,3.35,1.28,10.65,1,0,2.058,0,100,Healthy
R04,72,60.83,7.36,33.46,1.72,1.81,10.8,0,0,2.533,0,100,Healthy
R04,73,60.69,8.19,44.51,3.28,1.86,10.95,0,0,2.01,0,100,Healthy
R04,74,60.53,7.5,43.3,1.83,1.26,11.1,2,0,1.783,0,100,Healthy
R04,75,60.35,7.72,37.38,3.12,1.76,11.25,1,0,1.85,0,100,Healthy
R04,76,60.21,7.01,38.69,1.28,1.47,11.4,0,0,2.177,0,100,Healthy
R04,77,59.99,8.11,43.98,2.44,1.55,11.55,0,0,1.497,0,100,Healthy
R04,78,59.79,17.937887387800313,66.10959682964197,6.769509170014096,1.75,11.7,7,1,7.77,1,25,Critical
R04,79,59.67,9.22,43.36,2.89,1.59,11.85,0,0,1.6,0,100,Healthy
R04,80,59.48,9.26,47.85,2.34,1.49,12.0,1,0,1.619,0,100,Healthy
R04,81,59.31,7.87,44.49,2.23,1.61,12.15,2,0,1.581,0,100,Healthy
R04,82,59.26,6.96,41.3,2.72,1.55,12.3,1,0,1.625,0,100,Healthy
R04,83,59.1,17.57807997318775,62.62800997717288,3.3283118451967635,1.67,12.45,7,1,6.427,1,45,Critical
R04,84,59.0,8.43,44.84,2.01,1.28,12.6,0,0,1.999,0,100,Healthy
R04,85,58.94,18.101206584830067,59.53206667915789,8.600133796249253,1.75,12.75,5,1,8.102,1,25,Critical
R04,86,58.65,8.49,44.26,1.52,1.55,12.9,2,0,1.945,0,100,Healthy
R04,87,58.47,7.78,38.9,2.61,1.69,13.05,1,0,1.893,0,100,Healthy
R04,88,58.33,8.36,45.61,2.34,1.86,13.2,1,0,2.193,0,100,Healthy
R04,89,58.1,6.06,31.82,2.88,1.55,13.35,0,0,2.775,0,100,Healthy
R04,90,57.85,7.43,33.13,2.02,1.5,13.5,2,0,2.444,0,100,Healthy
R04,91,57.6,10.1,36.91,2.01,1.38,13.65,0,0,2.402,0,100,Healthy
R04,92,57.54,8.65,36.81,2.6,1.54,13.8,1,0,2.028,0,100,Healthy
R04,93,57.41,6.7,37.87,4.56,1.81,13.95,0,1,3.095,0,80,Healthy
R04,94,57.28,8.58,44.74,2.88,1.44,14.1,1,0,1.883,0,100,Healthy
R04,95,57.14,8.85,42.05,3.25,0.96,14.25,1,0,2.885,0,100,Healthy
R04,96,56.87,9.11,44.41,2.79,1.65,14.4,1,0,2.034,0,100,Healthy
R04,97,56.78,6.81,44.67,1.77,1.69,14.55,0,0,2.512,0,100,Healthy
R04,98,56.69,8.13,50.72,2.3,1.61,14.7,0,0,2.481,0,100,Healthy
R04,99,56.61,8.13,34.36,1.51,1.65,14.85,0,0,2.824,0,100,Healthy
R05,0,63.35,9.23,52.44,1.39,1.03,0.0,2,0,3.226,0,100,Healthy
R05,1,63.26,4.84,42.02,2.73,1.73,0.15,1,0,2.647,0,100,Healthy
R05,2,63.06,7.6,38.05,2.8,1.3,0.3,0,0,2.238,0,100,Healthy
R05,3,62.91,7.84,42.88,0.62,1.56,0.45,0,0,2.72,0,100,Healthy
R05,4,62.66,7.95,38.18,3.92,1.74,0.6,1,0,2.369,0,100,Healthy
R05,5,62.61,8.34,50.79,2.76,1.6,0.75,2,0,2.088,0,100,Healthy
R05,6,62.36,6.42,40.99,1.94,1.48,0.9,1,0,2.065,0,100,Healthy
R05,7,62.09,7.67,46.7,2.85,1.51,1.05,0,0,1.898,0,100,Healthy
R05,8,61.88,7.77,38.68,2.29,1.84,1.2,2,0,2.241,0,100,Healthy
R05,9,61.77,6.49,34.65,2.37,1.35,1.35,1,0,2.338,0,100,Healthy
R05,10,61.56,8.78,36.31,2.36,1.5,1.5,2,0,1.911,0,100,Healthy
R05,11,61.49,12.574129280379054,60.34364133027166,4.675532746799268,1.7,1.65,9,1,5.967,1,25,Critical
R05,12,61.27,18.110334746737546,64.91577731892887,4.3273873713648445,1.38,1.8,7,1,6.907,1,25,Critical
R05,13,61.06,8.23,46.71,1.78,1.6,1.95,1,0,1.822,0,100,Healthy
R05,14,60.94,7.24,36.96,1.97,1.33,2.1,2,0,2.075,0,100,Healthy
R05,15,60.84,8.27,39.6,3.31,1.39,2.25,2,0,1.7,0,100,Healthy
R05,16,60.62,15.744218450431115,59.34963317760809,3.0091108477000654,1.78,2.4,7,1,5.64,1,45,Critical
R05,17,60.52,6.78,45.51,1.43,1.65,2.55,3,0,2.277,0,100,Healthy
R05,18,60.43,8.31,39.31,1.79,1.01,2.7,0,0,2.665,0,100,Healthy
R05,19,60.31,8.42,34.18,2.57,1.43,2.85,0,0,2.06,0,100,Healthy
R05,20,60.04,7.6,45.66,2.73,1.58,3.0,0,0,1.626,0,100,Healthy
R05,21,59.84,8.91,45.06,1.79,1.44,3.15,0,0,1.764,0,100,Healthy
R05,22,59.7,8.4,49.16,3.26,1.17,3.3,0,0,2.225,0,100,Healthy
R05,23,59.65,12.38144076524658,66.19236531199952,4.4191854478775365,1.77,3.45,6,1,5.289,1,25,Critical
R05,24,59.38,9.96,50.77,3.74,1.38,3.6,1,0,2.138,0,100,Healthy
R05,25,59.18,8.44,31.5,2.94,1.72,3.75,1,0,2.318,0,100,Healthy
R05,26,59.02,9.43,47.86,2.89,1.46,3.9,0,0,1.67,0,100,Healthy
R05,27,58.84,9.34,47.39,1.58,1.72,4.05,0,0,2.086,0,100,Healthy
R05,28,58.64,6.55,43.87,2.22,1.95,4.2,2,0,2.351,0,100,Healthy
R05,29,58.58,8.63,48.65,3.09,1.62,4.35,3,0,1.788,0,100,Healthy
R05,30,58.43,8.29,36.24,2.77,1.45,4.5,1,0,1.571,0,100,Healthy
R05,31,58.29,7.03,41.25,3.15,1.57,4.65,2,0,1.472,0,100,Healthy
R05,32,58.03,7.8,43.06,1.87,1.75,4.8,2,0,1.725,0,100,Healthy
R05,33,57.75,8.35,42.37,3.33,1.47,4.95,0,0,1.482,0,100,Healthy
R05,34,57.62,8.41,43.54,2.03,1.46,5.1,0,0,1.493,0,100,Healthy
R05,35,57.51,5.92,40.85,1.31,1.38,5.25,1,0,2.186,0,100,Healthy
R05,36,57.38,7.42,40.24,1.96,1.18,5.4,1,0,1.933,0,100,Healthy
R05,37,57.28,7.54,43.66,3.12,1.4,5.55,0,0,1.506,0,100,Healthy
R05,38,57.21,5.7,41.25,3.45,1.57,5.7,0,0,2.035,0,100,Healthy
R05,39,57.02,6.6,42.09,1.5,1.7,5.85,1,0,1.962,0,100,Healthy
R05,40,56.85,9.1,39.25,2.42,1.34,6.0,1,0,1.455,0,100,Healthy
R05,41,56.66,16.075779974967,57.17623426024591,5.19667143366502,1.7,6.15,10,1,7.004,1,25,Critical
R05,42,56.56,10.04,41.63,0.17,1.13,6.3,1,0,3.086,0,100,Healthy
R05,43,56.29,5.96,37.38,3.59,1.43,6.45,0,0,2.182,0,100,Healthy
R05,44,56.2,10.28,50.13,4.05,1.46,6.6,0,1,2.302,0,80,Healthy
R05,45,56.01,17.189142422130555,53.10277117079639,6.120578679986697,1.23,6.75,5,1,6.073,1,45,Critical
R05,46,55.89,7.27,39.3,2.12,1.71,6.9,3,0,1.914,0,100,Healthy
R05,47,55.74,7.36,47.98,2.58,1.29,7.05,2,0,1.702,0,100,Healthy
R05,48,55.53,7.18,38.62,2.25,1.63,7.2,0,0,1.765,0,100,Healthy
R05,49,55.48,8.36,43.88,3.45,1.67,7.35,0,0,1.662,0,100,Healthy
R05,50,55.31,7.14,40.69,3.08,1.49,7.5,0,0,1.597,0,100,Healthy
R05,51,55.19,7.21,38.34,2.45,1.72,7.65,1,0,1.735,0,100,Healthy
R05,52,55.1,4.7,39.5,2.13,1.85,7.8,1,0,2.66,0,100,Healthy
R05,53,55.04,7.28,36.45,4.19,1.56,7.95,2,1,2.194,0,80,Healthy
R05,54,54.98,8.07,39.44,3.34,1.45,8.1,0,0,1.647,0,100,Healthy
R05,55,54.92,6.14,40.49,2.67,1.28,8.25,0,0,2.041,0,100,Healthy
R05,56,54.83,9.47,39.56,3.5,1.35,8.4,0,0,1.862,0,100,Healthy
R05,57,54.59,8.9,36.41,3.02,1.53,8.55,1,0,1.651,0,100,Healthy
R05,58,54.53,8.12,48.48,2.0,1.69,8.7,0,0,1.936,0,100,Healthy
R05,59,54.47,8.11,43.26,2.42,1.55,8.85,2,0,1.345,0,100,Healthy
R05,60,54.21,6.93,46.78,3.11,1.87,9.0,1,0,2.163,0,100,Healthy
R05,61,54.08,7.87,38.0,1.93,1.19,9.15,2,0,2.123,0,100,Healthy
R05,62,53.93,6.69,43.49,2.46,1.62,9.3,1,0,1.66,0,100,Healthy
R05,63,53.77,9.45,45.89,2.83,1.88,9.45,3,0,2.28,0,100,Healthy
R05,64,53.71,8.76,36.41,1.3,1.11,9.6,3,0,2.797,0,100,Healthy
R05,65,53.49,7.01,38.96,2.13,1.24,9.75,1,0,2.047,0,100,Healthy
R05,66,53.41,8.28,50.56,2.46,1.04,9.9,0,0,2.676,0,100,Healthy
R05,67,53.21,6.55,40.81,2.59,1.25,10.05,1,0,2.014,0,100,Healthy
R05,68,52.98,8.65,43.0,2.68,1.82,10.2,2,0,1.944,0,100,Healthy
R05,69,52.85,7.85,42.47,1.71,2.1,10.35,0,0,3.017,0,100,Healthy
R05,70,52.55,9.82,45.01,2.55,1.45,10.5,1,0,1.716,0,100,Healthy
R05,71,52.46,5.91,44.91,2.45,1.61,10.65,0,0,2.188,0,100,Healthy
R05,72,52.4,15.020074793391705,60.06491557870952,3.06124719784613,1.44,10.8,6,1,5.124,0,45,Critical
R05,73,52.2,9.3,39.64,2.43,1.83,10.95,0,0,2.291,0,100,Healthy
R05,74,52.06,12.106350243093154,59.057684162700085,2.598762729724257,0.79,11.1,5,1,4.859,0,45,Critical
R05,75,51.92,8.58,44.31,1.95,0.94,11.25,0,0,2.942,0,100,Healthy
R05,76,51.63,8.4,51.79,2.48,1.37,11.4,1,0,2.226,0,100,Healthy
R05,77,51.42,8.07,44.23,2.26,1.54,11.55,1,0,1.803,0,100,Healthy
R05,78,51.22,8.22,44.44,2.35,1.34,11.7,1,0,1.919,0,100,Healthy
R05,79,50.96,12.031895613415317,61.797837345921096,3.6837193763061595,1.32,11.85,6,1,4.745,0,45,Critical
R05,80,50.82,10.08,37.72,2.11,1.55,12.0,1,0,2.231,0,100,Healthy
R05,81,50.73,6.56,40.54,2.61,1.75,12.15,0,0,2.428,0,100,Healthy
R05,82,50.55,8.42,40.72,3.46,1.86,12.3,1,0,2.468,0,100,Healthy
R05,83,50.37,7.12,51.09,3.04,1.64,12.45,0,0,2.548,0,100,Healthy
R05,84,50.11,9.44,42.7,1.12,1.22,12.6,1,0,2.729,0,100,Healthy
R05,85,49.85,10.82,28.68,2.97,1.06,12.75,0,0,3.706,0,100,Healthy
R05,86,49.79,9.81,38.54,3.42,1.21,12.9,2,0,2.613,0,100,Healthy
R05,87,49.55,12.471425451337817,54.262419878349164,6.390729985803218,1.77,13.05,7,1,5.815,1,45,Critical
R05,88,49.26,8.53,36.24,2.0,1.24,13.2,1,0,2.638,0,100,Healthy
R05,89,49.17,7.64,35.95,2.77,1.56,13.35,0,0,2.537,0,100,Healthy
R05,90,49.02,9.26,50.28,2.16,1.35,13.5,0,0,2.669,0,100,Healthy
R05,91,48.76,8.59,40.21,2.4,1.68,13.65,0,0,2.464,0,100,Healthy
R05,92,48.7,5.71,48.59,2.55,1.4,13.8,0,0,2.844,0,100,Healthy
R05,93,48.46,7.89,41.81,1.29,1.87,13.95,2,0,3.001,0,100,Healthy
R05,94,48.23,8.57,40.66,3.09,0.97,14.1,0,0,3.219,0,100,Healthy
R05,95,48.07,8.52,44.35,2.0,1.32,14.25,2,0,2.537,0,100,Healthy
R05,96,47.91,14.25528888455282,54.001407363115796,0.913143405502327,1.41,14.4,3,1,4.46,0,80,Healthy
R05,97,47.76,11.440714887198077,62.453977960919644,8.150729681757104,1.58,14.55,5,1,6.818,1,45,Critical
R05,98,47.68,7.03,35.27,3.69,1.28,14.7,0,0,3.143,0,100,Healthy
R05,99,47.62,9.88,37.7,2.87,1.22,14.85,0,0,2.983,0,100,Healthy
R06,0,92.89,6.8,38.24,1.47,1.37,0.0,3,0,3.087,0,100,Healthy
R06,1,92.74,8.58,38.52,3.48,1.21,0.15,0,0,2.941,0,100,Healthy
R06,2,92.67,8.73,47.58,3.24,1.56,0.3,0,0,2.638,0,100,Healthy
R06,3,92.5,6.42,50.83,1.21,1.3,0.45,2,0,3.238,0,100,Healthy
R06,4,92.22,9.11,44.71,3.53,1.57,0.6,0,0,2.581,0,100,Healthy
R06,5,91.97,8.8,38.38,2.91,1.4,0.75,0,0,2.535,0,100,Healthy
R06,6,91.89,7.46,46.47,3.13,1.92,0.9,2,0,2.889,0,100,Healthy
R06,7,91.73,9.1,38.17,3.01,1.24,1.05,0,0,2.686,0,100,Healthy
R06,8,91.52,7.03,45.55,3.25,1.58,1.2,0,0,2.492,0,100,Healthy
R06,9,91.29,7.66,31.43,2.35,1.63,1.35,1,0,2.87,0,100,Healthy
R06,10,91.22,6.71,51.56,1.6,1.55,1.5,0,0,2.905,0,100,Healthy
R06,11,91.0,8.22,46.69,2.51,2.22,1.65,0,0,3.593,0,100,Healthy
R06,12,90.93,6.0,47.29,2.38,1.69,1.8,0,0,2.675,0,100,Healthy
R06,13,90.7,15.079415136233271,52.374193168045984,5.757974600950596,1.57,1.95,9,1,6.556,1,45,Critical
R06,14,90.41,6.94,38.44,3.33,1.86,2.1,1,0,2.68,0,100,Healthy
R06,15,90.18,9.4,35.77,1.12,1.68,2.25,0,0,2.899,0,100,Healthy
R06,16,90.11,7.09,43.44,3.57,1.34,2.4,1,0,2.27,0,100,Healthy
R06,17,90.06,10.1842114437998,64.5656005519912,7.137113057874537,1.53,2.55,6,1,6.233,1,45,Critical
R06,18,89.99,5.42,46.38,1.41,1.88,2.7,0,0,3.162,0,100,Healthy
R06,19,89.91,7.25,40.56,3.49,0.88,2.85,4,0,3.532,0,100,Healthy
R06,20,89.79,10.01,37.27,1.69,1.78,3.0,0,0,2.688,0,100,Healthy
R06,21,89.58,15.925209087375505,52.01188180921011,7.661752037916471,1.77,3.15,9,1,7.68,1,45,Critical
R06,22,89.35,6.58,44.25,3.96,1.25,3.3,1,0,2.499,0,100,Healthy
R06,23,89.26,11.07,38.79,1.9,1.52,3.45,0,0,2.471,0,100,Healthy
R06,24,89.19,9.42,53.39,2.96,1.18,3.6,1,0,2.684,0,100,Healthy
R06,25,89.01,6.69,46.17,3.14,1.11,3.75,3,0,2.656,0,100,Healthy
R06,26,88.87,7.38,52.82,2.92,1.27,3.9,1,0,2.455,0,100,Healthy
R06,27,88.59,6.77,48.15,1.82,1.91,4.05,1,0,2.644,0,100,Healthy
R06,28,88.44,8.26,37.11,2.44,1.58,4.2,0,0,2.01,0,100,Healthy
R06,29,88.31,6.5,42.11,1.05,1.33,4.35,1,0,2.483,0,100,Healthy
R06,30,88.04,5.85,35.22,2.0,1.99,4.5,1,0,3.057,0,100,Healthy
R06,31,87.78,8.21,44.55,4.21,1.36,4.65,1,1,2.136,0,80,Healthy
R06,32,87.65,7.66,37.18,2.85,1.32,4.8,0,0,2.049,0,100,Healthy
R06,33,87.58,10.6,47.95,2.65,1.76,4.95,0,0,2.29,0,100,Healthy
R06,34,87.33,7.02,42.39,3.1,1.53,5.1,1,0,1.626,0,100,Healthy
R06,35,87.25,7.73,36.25,1.97,1.54,5.25,3,0,2.115,0,100,Healthy
R06,36,87.18,10.73,39.98,2.84,1.64,5.4,0,0,2.046,0,100,Healthy
R06,37,86.89,8.52,29.34,2.98,1.53,5.55,1,0,2.515,0,100,Healthy
R06,38,86.64,7.29,46.22,2.38,1.23,5.7,1,0,1.873,0,100,Healthy
R06,39,86.58,9.01,43.04,1.6,1.37,5.85,1,0,1.762,0,100,Healthy
R06,40,86.32,8.39,48.04,3.3,1.36,6.0,2,0,1.705,0,100,Healthy
R06,41,86.07,6.17,50.73,2.54,1.64,6.15,1,0,2.105,0,100,Healthy
R06,42,85.87,6.45,43.46,2.6,1.35,6.3,2,0,1.706,0,100,Healthy
R06,43,85.65,13.134583833434583,51.212467839440066,4.2903250700974205,1.4,6.45,6,1,4.154,0,45,Critical
R06,44,85.5,11.051858190173787,53.86191036328938,1.1028784654031003,2.01,6.6,4,0,3.732,0,100,Healthy
R06,45,85.42,7.13,42.05,2.59,1.32,6.75,2,0,1.561,0,100,Healthy
R06,46,85.13,10.52,44.98,2.16,1.71,6.9,0,0,1.96,0,100,Healthy
R06,47,85.04,6.03,42.6,2.72,1.53,7.05,0,0,1.8,0,100,Healthy
R06,48,84.89,7.05,42.51,1.72,1.94,7.2,1,0,2.333,0,100,Healthy
R06,49,84.83,6.79,39.42,3.57,1.67,7.35,0,0,1.96,0,100,Healthy
R06,50,84.69,7.61,40.93,2.85,1.37,7.5,2,0,1.377,0,100,Healthy
R06,51,84.41,7.78,40.22,3.33,1.34,7.65,1,0,1.499,0,100,Healthy
R06,52,84.14,7.4,44.98,1.43,1.07,7.8,1,0,2.399,0,100,Healthy
R06,53,83.89,9.46,37.62,3.7,1.06,7.95,3,0,2.594,0,100,Healthy
R06,54,83.66,7.7,36.65,0.95,1.78,8.1,2,0,2.471,0,100,Healthy
R06,55,83.45,6.8,40.58,3.46,1.21,8.25,1,0,1.917,0,100,Healthy
R06,56,83.31,9.8,51.29,2.43,1.19,8.4,1,0,2.146,0,100,Healthy
R06,57,83.2,9.45,38.88,1.37,1.61,8.55,2,0,1.876,0,100,Healthy
R06,58,82.97,7.69,54.21,2.22,1.35,8.7,1,0,2.149,0,100,Healthy
R06,59,82.79,5.79,41.84,2.95,1.53,8.85,0,0,1.833,0,100,Healthy
R06,60,82.62,8.28,38.22,0.97,1.8,9.0,2,0,2.373,0,100,Healthy
R06,61,82.57,8.27,47.37,2.66,1.73,9.15,1,0,1.505,0,100,Healthy
R06,62,82.33,8.17,46.13,2.1,1.3,9.3,0,0,1.669,0,100,Healthy
R06,63,82.22,8.63,32.83,1.41,1.97,9.45,1,0,2.878,0,100,Healthy
R06,64,82.15,8.09,35.53,2.01,1.27,9.6,1,0,1.931,0,100,Healthy
R06,65,82.09,9.6,47.91,2.42,1.75,9.75,2,0,1.744,0,100,Healthy
R06,66,81.81,8.78,40.18,2.31,1.61,9.9,0,0,1.486,0,100,Healthy
R06,67,81.73,8.0,47.75,1.71,1.69,10.05,2,0,1.781,0,100,Healthy
R06,68,81.57,8.67,42.94,3.2,1.32,10.2,3,0,1.655,0,100,Healthy
R06,69,81.49,9.43,46.47,1.54,1.59,10.35,1,0,1.728,0,100,Healthy
R06,70,81.33,9.55,45.82,2.15,1.15,10.5,0,0,2.1,0,100,Healthy
R06,71,81.23,8.13,42.38,3.44,1.33,10.65,2,0,1.531,0,100,Healthy
R06,72,80.94,6.19,36.22,2.48,1.32,10.8,0,0,2.173,0,100,Healthy
R06,73,80.83,9.19,39.07,2.24,1.68,10.95,3,0,1.822,0,100,Healthy
R06,74,80.61,8.18,43.82,2.51,0.98,11.1,1,0,2.365,0,100,Healthy
R06,75,80.53,9.19,38.92,2.41,1.59,11.25,4,0,2.079,0,100,Healthy
R06,76,80.27,8.48,38.39,3.09,1.79,11.4,0,0,1.972,0,100,Healthy
R06,77,80.0,12.347229784874607,61.7960290835821,5.004433004971848,1.76,11.55,5,1,4.788,0,25,Critical
R06,78,79.74,6.39,43.06,2.56,1.95,11.7,1,0,2.354,0,100,Healthy
R06,79,79.48,8.64,46.2,3.35,1.76,11.85,0,0,1.922,0,100,Healthy
R06,80,79.21,14.070550451900218,59.13715708179235,4.920460815801613,1.44,12.0,6,1,5.11,0,25,Critical
R06,81,78.92,9.28,49.26,1.86,1.29,12.15,1,0,2.003,0,100,Healthy
R06,82,78.68,6.77,40.49,2.52,1.43,12.3,1,0,1.629,0,100,Healthy
R06,83,78.54,8.34,31.34,3.21,1.46,12.45,1,0,2.297,0,100,Healthy
R06,84,78.45,8.26,39.19,1.41,1.94,12.6,1,0,2.557,0,100,Healthy
R06,85,78.35,8.6,47.35,1.66,0.92,12.75,0,0,3.0,0,100,Healthy
R06,86,78.12,5.58,42.73,3.06,1.47,12.9,0,0,2.147,0,100,Healthy
R06,87,78.05,7.56,35.26,2.0,1.63,13.05,0,0,2.218,0,100,Healthy
R06,88,77.99,8.39,42.84,1.8,1.45,13.2,1,0,1.708,0,100,Healthy
R06,89,77.84,9.75,46.04,2.43,1.39,13.35,1,0,1.76,0,100,Healthy
R06,90,77.68,8.12,52.21,2.69,1.49,13.5,2,0,2.09,0,100,Healthy
R06,91,77.57,8.27,42.09,1.82,1.83,13.65,0,0,2.295,0,100,Healthy
R06,92,77.42,15.551380577910034,57.3274222902112,6.017422245651076,1.38,13.8,7,1,6.232,1,25,Critical
R06,93,77.29,7.06,38.2,1.26,1.62,13.95,1,0,2.371,0,100,Healthy
R06,94,77.02,7.98,46.58,1.99,1.42,14.1,1,0,1.886,0,100,Healthy
R06,95,76.9,6.75,36.14,2.83,1.36,14.25,0,0,2.34,0,100,Healthy
R06,96,76.69,8.22,48.52,2.91,1.4,14.4,0,0,2.077,0,100,Healthy
R06,97,76.42,8.01,40.37,2.38,1.55,14.55,0,0,1.964,0,100,Healthy
R06,98,76.3,6.33,34.0,1.65,1.54,14.7,1,0,2.656,0,100,Healthy
R06,99,76.17,9.74,42.08,3.05,1.83,14.85,0,0,2.417,0,100,Healthy
R07,0,72.75,6.48,33.03,2.23,1.47,0.0,0,0,2.658,0,100,Healthy
R07,1,72.6,7.52,43.35,2.47,1.55,0.15,1,0,1.783,0,100,Healthy
R07,2,72.4,7.54,40.35,2.7,1.72,0.3,1,0,1.962,0,100,Healthy
R07,3,72.26,9.24,34.89,1.82,1.4,0.45,2,0,2.306,0,100,Healthy
R07,4,72.18,7.26,38.45,3.19,1.16,0.6,2,0,2.341,0,100,Healthy
R07,5,71.92,7.82,34.83,2.13,1.62,0.75,0,0,2.273,0,100,Healthy
R07,6,71.65,9.56,36.46,2.24,1.46,0.9,1,0,1.965,0,100,Healthy
R07,7,71.51,7.36,40.68,1.76,1.49,1.05,0,0,1.99,0,100,Healthy
R07,8,71.22,8.8,37.96,3.2,1.53,1.2,1,0,1.729,0,100,Healthy
R07,9,71.13,6.68,34.62,1.98,1.8,1.35,4,0,2.895,0,100,Healthy
R07,10,71.01,9.6923278129676,58.335256152685815,6.258959797079609,1.54,1.5,7,1,5.36,1,45,Critical
R07,11,70.72,7.31,27.5,2.99,1.44,1.65,2,0,2.837,0,100,Healthy
R07,12,70.59,9.38,40.9,3.34,1.36,1.8,3,0,1.878,0,100,Healthy
R07,13,70.32,7.33,41.35,3.67,1.26,1.95,1,0,1.93,0,100,Healthy
R07,14,70.18,6.64,44.44,2.71,1.91,2.1,0,0,2.322,0,100,Healthy
R07,15,70.06,7.86,50.32,1.88,0.85,2.25,2,0,3.148,0,100,Healthy
R07,16,69.95,6.76,41.27,3.03,1.2,2.4,2,0,1.93,0,100,Healthy
R07,17,69.72,9.82,45.29,1.2,1.72,2.55,1,0,2.125,0,100,Healthy
R07,18,69.44,7.58,38.14,2.77,1.81,2.7,1,0,1.846,0,100,Healthy
R07,19,69.18,9.02,40.15,2.57,1.46,2.85,1,0,1.221,0,100,Healthy
R07,20,69.02,8.62,37.83,4.03,1.64,3.0,0,1,2.027,0,80,Healthy
R07,21,68.92,7.89,40.8,3.28,1.55,3.15,1,0,1.244,0,100,Healthy
R07,22,68.63,8.4,42.85,1.32,1.55,3.3,0,0,1.79,0,100,Healthy
R07,23,68.4,7.56,38.48,4.24,1.81,3.45,1,1,2.248,0,80,Healthy
R07,24,68.25,8.42,42.43,2.75,1.55,3.6,2,0,0.989,0,100,Healthy
R07,25,68.04,18.200794756431907,69.60956621258936,9.268226208084224,1.22,3.75,6,1,9.211,1,25,Critical
R07,26,67.86,8.66,39.26,3.85,1.31,3.9,1,0,1.677,0,100,Healthy
R07,27,67.67,8.66,41.03,2.5,1.7,4.05,0,0,1.4,0,100,Healthy
R07,28,67.43,7.96,39.27,2.92,1.44,4.2,0,0,1.303,0,100,Healthy
R07,29,67.24,7.87,50.52,4.17,1.59,4.35,0,1,2.116,0,80,Healthy
R07,30,67.07,7.09,41.37,2.0,1.35,4.5,2,0,1.394,0,100,Healthy
R07,31,66.88,9.41,40.94,2.14,1.1,4.65,0,0,2.034,0,100,Healthy
R07,32,66.72,10.02,51.22,1.64,1.22,4.8,0,0,2.31,0,100,Healthy
R07,33,66.58,8.26,40.37,2.7,1.75,4.95,1,0,1.242,0,100,Healthy
R07,34,66.37,13.187472672815435,41.748409997650214,3.286156779173098,1.74,5.1,6,1,3.693,0,65,Warning
R07,35,66.09,7.97,38.56,2.64,1.69,5.25,1,0,1.208,0,100,Healthy
R07,36,65.95,8.23,47.72,1.84,1.51,5.4,0,0,1.437,0,100,Healthy
R07,37,65.66,9.64,33.84,2.66,1.36,5.55,2,0,1.761,0,100,Healthy
R07,38,65.46,7.4,49.13,2.73,1.71,5.7,2,0,1.47,0,100,Healthy
R07,39,65.34,8.92,47.64,1.86,1.36,5.85,1,0,1.331,0,100,Healthy
R07,40,65.23,7.46,42.57,2.25,1.0,6.0,0,0,2.26,0,100,Healthy
R07,41,64.93,7.53,40.47,2.94,1.33,6.15,1,0,1.081,0,100,Healthy
R07,42,64.88,7.93,39.47,2.56,1.52,6.3,0,0,1.105,0,100,Healthy
R07,43,64.69,7.75,45.8,2.37,1.54,6.45,4,0,1.686,0,100,Healthy
R07,44,64.41,6.91,35.91,3.21,1.69,6.6,1,0,1.671,0,100,Healthy
R07,45,64.16,7.84,42.36,1.45,1.31,6.75,0,0,1.693,0,100,Healthy
R07,46,63.86,9.62,46.43,2.46,1.56,6.9,1,0,0.982,0,100,Healthy
R07,47,63.6,7.19,36.53,2.09,1.85,7.05,1,0,1.955,0,100,Healthy
R07,48,63.36,7.71,32.55,2.18,1.24,7.2,1,0,2.087,0,100,Healthy
R07,49,63.17,10.02,47.0,3.69,1.33,7.35,1,0,1.601,0,100,Healthy
R07,50,63.11,9.28,48.36,2.42,1.4,7.5,2,0,1.208,0,100,Healthy
R07,51,62.84,8.74,50.19,2.77,1.58,7.65,1,0,1.279,0,100,Healthy
R07,52,62.69,7.08,41.83,0.96,1.83,7.8,1,0,2.258,0,100,Healthy
R07,53,62.43,7.22,42.42,2.51,1.62,7.95,0,0,1.249,0,100,Healthy
R07,54,62.27,7.48,45.97,2.29,1.44,8.1,0,0,1.266,0,100,Healthy
R07,55,62.02,6.15,41.2,2.16,1.26,8.25,1,0,1.721,0,100,Healthy
R07,56,61.72,6.4,41.69,2.43,1.74,8.4,2,0,1.594,0,100,Healthy
R07,57,61.65,6.83,46.91,2.43,1.22,8.55,1,0,1.667,0,100,Healthy
R07,58,61.59,8.47,43.32,3.4,0.89,8.7,1,0,2.587,0,100,Healthy
R07,59,61.32,7.63,45.67,2.97,1.55,8.85,2,0,1.051,0,100,Healthy
R07,60,61.2,6.02,45.02,2.03,1.11,9.0,1,0,2.206,0,100,Healthy
R07,61,61.01,8.59,27.73,1.9,1.22,9.15,0,0,2.926,0,100,Healthy
R07,62,60.88,8.96,32.7,2.53,1.64,9.3,0,0,2.045,0,100,Healthy
R07,63,60.77,17.428871985751634,51.76762618549018,5.333715002327443,1.05,9.45,4,1,5.718,1,60,Warning
R07,64,60.67,11.01,41.8,2.67,1.12,9.6,1,0,2.153,0,100,Healthy
R07,65,60.38,6.11,48.78,2.07,1.63,9.75,1,0,1.874,0,100,Healthy
R07,66,60.22,7.9,49.55,2.75,1.84,9.9,0,0,2.057,0,100,Healthy
R07,67,59.97,7.09,38.39,1.3,1.51,10.05,0,0,2.058,0,100,Healthy
R07,68,59.75,4.51,44.96,2.55,1.62,10.2,1,0,2.244,0,100,Healthy
R07,69,59.56,8.28,47.18,1.91,1.86,10.35,0,0,2.133,0,100,Healthy
R07,70,59.4,9.2,40.57,3.03,1.43,10.5,2,0,1.333,0,100,Healthy
R07,71,59.22,6.65,46.65,2.41,1.37,10.65,0,0,1.802,0,100,Healthy
R07,72,59.09,5.57,41.49,2.08,1.26,10.8,2,0,2.171,0,100,Healthy
R07,73,58.89,9.39,46.87,1.95,1.55,10.95,1,0,1.583,0,100,Healthy
R07,74,58.69,7.01,45.42,2.4,1.8,11.1,0,0,2.023,0,100,Healthy
R07,75,58.61,7.32,36.4,3.07,2.05,11.25,0,0,2.85,0,100,Healthy
R07,76,58.49,7.11,38.6,3.65,1.32,11.4,0,0,2.104,0,100,Healthy
R07,77,58.35,8.35,41.66,1.7,1.28,11.55,2,0,1.883,0,100,Healthy
R07,78,58.09,9.67,36.77,2.22,1.46,11.7,1,0,1.843,0,100,Healthy
R07,79,57.93,9.46,36.62,1.97,1.76,11.85,1,0,2.154,0,100,Healthy
R07,80,57.77,9.12,47.48,3.26,1.9,12.0,1,0,2.288,0,100,Healthy
R07,81,57.53,6.01,44.52,1.06,1.42,12.15,2,0,2.481,0,100,Healthy
R07,82,57.33,7.22,42.14,2.47,1.1,12.3,0,0,2.392,0,100,Healthy
R07,83,57.23,5.56,42.24,2.33,1.08,12.45,0,0,2.782,0,100,Healthy
R07,84,56.95,8.49,45.58,2.66,1.42,12.6,2,0,1.683,0,100,Healthy
R07,85,56.74,8.33,47.98,2.08,2.02,12.75,1,0,2.741,0,100,Healthy
R07,86,56.53,7.85,37.98,2.78,1.05,12.9,0,0,2.666,0,100,Healthy
R07,87,56.3,7.4,44.19,2.56,1.76,13.05,1,0,2.036,0,100,Healthy
R07,88,56.09,8.19,42.88,2.03,1.55,13.2,0,0,1.992,0,100,Healthy
R07,89,56.03,7.27,39.98,2.02,1.14,13.35,3,0,2.621,0,100,Healthy
R07,90,55.95,6.92,46.73,1.52,1.81,13.5,1,0,2.583,0,100,Healthy
R07,91,55.83,16.197764458941656,63.24290244759484,4.353466663352027,1.77,13.65,6,1,6.085,1,25,Critical
R07,92,55.62,7.35,41.64,3.26,1.39,13.8,1,0,2.062,0,100,Healthy
R07,93,55.56,6.73,29.51,2.64,1.65,13.95,0,0,3.074,0,100,Healthy
R07,94,55.37,7.58,30.91,3.46,1.23,14.1,2,0,3.014,0,100,Healthy
R07,95,55.25,8.42,37.78,2.57,1.38,14.25,2,0,2.199,0,100,Healthy
R07,96,55.08,8.27,39.19,2.11,1.67,14.4,1,0,2.249,0,100,Healthy
R07,97,54.81,8.37,34.11,2.35,1.79,14.55,0,0,2.813,0,100,Healthy
R07,98,54.62,8.24,40.4,1.61,1.58,14.7,0,0,2.476,0,100,Healthy
R07,99,54.53,8.15,38.87,2.57,1.35,14.85,1,0,2.288,0,100,Healthy
R08,0,60.78,8.9,48.99,3.59,1.63,0.0,1,0,2.296,0,100,Healthy
R08,1,60.64,9.02,44.09,2.58,1.6,0.15,0,0,2.048,0,100,Healthy
R08,2,60.56,8.39,48.42,3.41,1.64,0.3,2,0,2.179,0,100,Healthy
R08,3,60.33,7.45,45.78,1.52,1.76,0.45,1,0,2.41,0,100,Healthy
R08,4,60.13,8.62,37.91,2.13,1.34,0.6,2,0,2.132,0,100,Healthy
R08,5,60.05,8.0,50.11,1.63,1.67,0.75,0,0,2.483,0,100,Healthy
R08,6,59.82,9.76,44.7,2.14,1.04,0.9,2,0,2.651,0,100,Healthy
R08,7,59.7,9.04,32.22,2.72,1.45,1.05,0,0,2.51,0,100,Healthy
R08,8,59.43,8.35,38.29,2.47,1.62,1.2,2,0,1.916,0,100,Healthy
R08,9,59.33,7.31,40.62,3.45,1.41,1.35,0,0,2.079,0,100,Healthy
R08,10,59.25,6.63,44.71,3.44,1.18,1.5,1,0,2.349,0,100,Healthy
R08,11,59.03,6.33,45.82,2.46,1.36,1.65,4,0,2.513,0,100,Healthy
R08,12,58.8,8.89,38.81,2.65,1.42,1.8,1,0,1.755,0,100,Healthy
R08,13,58.6,5.93,32.33,3.25,1.31,1.95,2,0,2.75,0,100,Healthy
R08,14,58.33,6.94,46.26,2.41,1.44,2.1,3,0,2.023,0,100,Healthy
R08,15,58.1,7.9,40.5,1.8,1.59,2.25,1,0,1.837,0,100,Healthy
R08,16,57.88,17.16233348400083,51.768258334109284,3.566654351387639,1.61,2.4,8,1,6.047,1,65,Warning
R08,17,57.77,8.27,42.39,2.5,1.71,2.55,1,0,1.704,0,100,Healthy
R08,18,57.47,7.28,40.5,3.07,1.35,2.7,1,0,1.772,0,100,Healthy
R08,19,57.34,12.934638297029798,58.305754113832236,4.092041980075346,1.43,2.85,9,1,5.697,1,25,Critical
R08,20,57.27,8.87,42.68,3.36,1.5,3.0,1,0,1.576,0,100,Healthy
R08,21,57.04,7.45,36.6,2.07,1.55,3.15,0,0,2.045,0,100,Healthy
R08,22,56.85,7.99,42.79,2.31,1.82,3.3,3,0,2.119,0,100,Healthy
R08,23,56.65,12.926114644977245,66.49507662516487,4.326222731909936,1.33,3.45,7,1,5.673,1,25,Critical
R08,24,56.48,9.73,39.44,2.54,1.42,3.6,1,0,1.658,0,100,Healthy
R08,25,56.42,9.99,39.07,3.67,1.4,3.75,0,0,2.081,0,100,Healthy
R08,26,56.17,6.37,44.07,2.95,1.17,3.9,1,0,2.153,0,100,Healthy
R08,27,56.06,8.46,46.19,2.02,0.77,4.05,0,0,3.337,0,100,Healthy
R08,28,55.85,5.58,27.84,3.07,1.53,4.2,1,0,3.051,0,100,Healthy
R08,29,55.62,7.72,55.19,2.39,1.16,4.35,0,1,2.78,0,80,Healthy
R08,30,55.34,8.44,41.33,4.05,1.64,4.5,1,1,1.927,0,80,Healthy
R08,31,55.2,8.3,37.99,3.54,1.43,4.65,0,0,1.904,0,100,Healthy
R08,32,55.11,8.86,41.21,2.05,1.92,4.8,1,0,2.199,0,100,Healthy
R08,33,54.81,6.52,46.79,1.85,1.55,4.95,1,0,1.897,0,100,Healthy
R08,34,54.6,8.99,37.19,2.98,1.78,5.1,2,0,1.984,0,100,Healthy
R08,35,54.47,9.77,38.5,1.77,1.67,5.25,0,0,2.087,0,100,Healthy
R08,36,54.35,6.27,39.59,2.44,1.56,5.4,0,0,1.946,0,100,Healthy
R08,37,54.29,9.14,44.63,2.37,1.45,5.55,2,0,1.448,0,100,Healthy
R08,38,54.09,6.81,34.77,2.97,1.64,5.7,2,0,2.098,0,100,Healthy
R08,39,53.84,9.15,41.81,2.07,1.65,5.85,2,0,1.625,0,100,Healthy
R08,40,53.56,10.87,47.92,3.01,1.53,6.0,2,0,1.961,0,100,Healthy
R08,41,53.37,14.294814991702497,36.686521640096906,5.9904103355767555,1.38,6.15,7,1,5.515,1,45,Critical
R08,42,53.28,6.74,44.37,2.7,1.74,6.3,0,0,1.97,0,100,Healthy
R08,43,52.99,7.05,42.17,1.54,1.68,6.45,3,0,2.179,0,100,Healthy
R08,44,52.83,7.34,43.91,3.9,2.01,6.6,0,0,2.79,0,100,Healthy
R08,45,52.68,8.7,40.15,2.77,1.33,6.75,0,0,1.756,0,100,Healthy
R08,46,52.47,9.42,39.05,2.96,1.18,6.9,0,0,2.165,0,100,Healthy
R08,47,52.24,8.31,47.12,2.36,1.24,7.05,0,0,2.002,0,100,Healthy
R08,48,52.02,7.51,43.33,3.45,1.51,7.2,3,0,1.864,0,100,Healthy
R08,49,51.87,7.97,48.01,1.73,0.71,7.35,2,0,3.613,0,100,Healthy
R08,50,51.73,17.428073888036586,51.95699318297548,5.446016073110745,1.34,7.5,6,1,6.038,1,45,Critical
R08,51,51.66,6.94,39.4,1.18,1.4,7.65,0,0,2.372,0,100,Healthy
R08,52,51.53,10.58,51.17,1.97,0.99,7.8,1,0,3.018,0,100,Healthy
R08,53,51.41,7.68,34.02,1.98,1.66,7.95,1,0,2.236,0,100,Healthy
R08,54,51.26,7.19,47.78,1.53,1.58,8.1,1,0,2.076,0,100,Healthy
R08,55,50.99,8.37,40.76,3.42,1.28,8.25,0,0,2.027,0,100,Healthy
R08,56,50.72,7.81,41.08,1.91,1.5,8.4,0,0,1.893,0,100,Healthy
R08,57,50.43,7.92,43.21,2.56,1.7,8.55,0,0,1.894,0,100,Healthy
R08,58,50.21,9.04,36.07,2.91,1.65,8.7,1,0,2.012,0,100,Healthy
R08,59,50.12,7.0,34.75,2.67,1.9,8.85,0,0,2.745,0,100,Healthy
R08,60,50.06,7.76,37.59,2.63,1.65,9.0,2,0,1.942,0,100,Healthy
R08,61,49.99,8.36,43.96,2.53,1.18,9.15,1,0,2.052,0,100,Healthy
R08,62,49.7,9.42,53.72,3.11,1.74,9.3,0,0,2.652,0,100,Healthy
R08,63,49.44,7.43,37.87,2.02,1.16,9.45,0,0,2.53,0,100,Healthy
R08,64,49.27,8.23,41.82,2.6,1.37,9.6,0,0,1.929,0,100,Healthy
R08,65,49.01,11.69,48.8,1.63,1.56,9.75,0,0,2.781,0,100,Healthy
R08,66,48.88,6.39,44.16,2.02,1.74,9.9,0,0,2.412,0,100,Healthy
R08,67,48.79,9.19,48.87,1.9,1.62,10.05,0,0,2.296,0,100,Healthy
R08,68,48.53,7.07,50.05,2.66,1.66,10.2,0,0,2.379,0,100,Healthy
R08,69,48.25,7.01,35.9,2.1,1.47,10.35,1,0,2.31,0,100,Healthy
R08,70,48.1,9.45,38.69,2.2,1.59,10.5,0,0,2.225,0,100,Healthy
R08,71,47.95,8.46,39.78,1.87,1.65,10.65,0,0,2.28,0,100,Healthy
R08,72,47.88,6.92,43.52,3.43,1.03,10.8,2,0,2.837,0,100,Healthy
R08,73,47.73,8.51,47.01,3.12,1.59,10.95,2,0,2.083,0,100,Healthy
R08,74,47.55,9.04,46.05,1.7,1.59,11.1,2,0,2.256,0,100,Healthy
R08,75,47.38,7.4,36.96,2.46,1.44,11.25,1,0,2.26,0,100,Healthy
R08,76,47.16,7.45,44.72,2.5,1.81,11.4,1,0,2.388,0,100,Healthy
R08,77,47.04,6.33,48.42,4.04,1.8,11.55,1,1,2.94,0,80,Healthy
R08,78,46.9,7.54,44.17,2.67,1.81,11.7,2,0,2.426,0,100,Healthy
R08,79,46.7,7.77,47.3,2.46,1.63,11.85,0,0,2.375,0,100,Healthy
R08,80,46.56,7.85,43.55,2.04,1.44,12.0,1,0,2.221,0,100,Healthy
R08,81,46.31,7.13,27.85,2.11,1.83,12.15,1,0,3.508,0,100,Healthy
R08,82,46.17,9.65,42.58,2.77,0.94,12.3,1,0,3.134,0,100,Healthy
R08,83,46.05,8.17,43.4,3.8,1.74,12.45,0,0,2.687,0,100,Healthy
R08,84,45.85,11.62,45.13,2.03,1.44,12.6,0,0,2.89,0,100,Healthy
R08,85,45.56,6.95,29.98,2.72,1.95,12.75,1,0,3.554,0,100,Healthy
R08,86,45.32,7.49,39.73,1.24,1.42,12.9,0,0,2.869,0,100,Healthy
R08,87,45.11,9.26,44.44,1.99,1.46,13.05,0,0,2.567,0,100,Healthy
R08,88,44.82,9.92,45.67,2.51,1.44,13.2,0,0,2.618,0,100,Healthy
R08,89,44.62,5.47,52.21,2.61,1.6,13.35,0,0,3.226,0,100,Healthy
R08,90,44.46,7.78,34.0,4.09,1.19,13.5,0,1,3.408,0,80,Healthy
R08,91,44.37,9.55,42.07,1.63,1.81,13.65,2,0,2.963,0,100,Healthy
R08,92,44.31,8.88,44.69,3.0,2.1,13.8,0,0,3.489,0,100,Healthy
R08,93,44.19,10.62,38.57,3.64,1.6,13.95,0,0,3.044,0,100,Healthy
R08,94,44.0,12.295529673447847,48.1255553906986,7.510476704862711,1.77,14.1,5,1,5.978,1,45,Critical
R08,95,43.83,7.2,32.47,2.8,1.71,14.25,1,0,3.197,0,100,Healthy
R08,96,43.56,6.54,36.39,3.0,1.5,14.4,0,0,3.048,0,100,Healthy
R08,97,43.42,7.63,47.23,2.27,1.16,14.55,1,0,3.068,0,100,Healthy
R08,98,43.18,12.42371014283239,52.468163106708076,4.035632344999824,1.49,14.7,7,1,4.943,0,45,Critical
R08,99,43.02,7.07,46.45,3.61,1.66,14.85,3,0,3.141,0,100,Healthy
R09,0,73.54,5.92,43.11,2.56,1.39,0.0,2,0,2.203,0,100,Healthy
R09,1,73.47,9.45,42.91,2.94,1.43,0.15,0,0,1.958,0,100,Healthy
R09,2,73.27,7.4,41.49,1.61,1.29,0.3,2,0,2.224,0,100,Healthy
R09,3,73.02,8.07,38.64,2.99,1.8,0.45,4,0,2.597,0,100,Healthy
R09,4,72.84,8.09,36.88,2.67,1.25,0.6,1,0,2.118,0,100,Healthy
R09,5,72.79,7.95,34.98,2.41,1.63,0.75,1,0,2.091,0,100,Healthy
R09,6,72.59,7.12,33.72,2.27,1.27,0.9,0,0,2.523,0,100,Healthy
R09,7,72.48,7.22,45.05,2.46,1.29,1.05,0,0,1.993,0,100,Healthy
R09,8,72.41,8.71,45.33,2.26,1.53,1.2,3,0,1.804,0,100,Healthy
R09,9,72.3,8.58,45.64,2.02,1.34,1.35,1,0,1.731,0,100,Healthy
R09,10,72.23,7.49,47.29,2.63,1.8,1.5,2,0,1.992,0,100,Healthy
R09,11,72.16,16.999329172556294,51.29155970488958,5.0396193888217775,1.75,1.65,4,1,5.322,1,60,Warning
R09,12,71.91,6.96,41.95,2.6,2.23,1.8,0,0,3.287,0,100,Healthy
R09,13,71.75,13.738968852196837,50.838065870078125,5.779613103553198,1.5,1.95,7,1,5.279,1,45,Critical
R09,14,71.69,7.08,36.36,2.72,1.18,2.1,0,0,2.283,0,100,Healthy
R09,15,71.55,8.66,51.01,1.59,1.04,2.25,1,0,2.697,0,100,Healthy
R09,16,71.48,8.55,43.13,1.95,1.15,2.4,3,0,2.145,0,100,Healthy
R09,17,71.41,6.9,50.66,2.06,1.49,2.55,0,0,2.028,0,100,Healthy
R09,18,71.16,5.78,39.86,3.22,1.42,2.7,1,0,1.871,0,100,Healthy
R09,19,71.08,8.32,41.22,3.2,2.11,2.85,1,0,2.646,0,100,Healthy
R09,20,70.83,6.77,42.31,2.58,1.23,3.0,1,0,1.709,0,100,Healthy
R09,21,70.56,7.07,46.05,1.91,1.66,3.15,1,0,1.605,0,100,Healthy
R09,22,70.33,7.73,37.36,4.55,1.23,3.3,1,1,2.439,0,80,Healthy
R09,23,70.08,15.910078492247642,61.98631649851339,3.886517787066401,1.92,3.45,3,1,5.181,1,60,Warning
R09,24,69.86,10.65,43.96,2.97,1.43,3.6,1,0,1.454,0,100,Healthy
R09,25,69.7,8.9,45.27,3.18,1.5,3.75,0,0,1.289,0,100,Healthy
R09,26,69.55,8.98,44.12,1.82,1.37,3.9,0,0,1.514,0,100,Healthy
R09,27,69.39,7.02,36.33,2.21,1.32,4.05,1,0,1.714,0,100,Healthy
R09,28,69.26,8.55,43.44,1.96,1.79,4.2,1,0,1.522,0,100,Healthy
R09,29,69.17,9.31,39.26,1.56,1.68,4.35,1,0,1.634,0,100,Healthy
R09,30,68.96,8.62,40.12,3.28,1.23,4.5,0,0,1.643,0,100,Healthy
R09,31,68.82,8.73,31.6,2.97,1.23,4.65,2,0,2.207,0,100,Healthy
R09,32,68.6,9.35,39.38,2.92,1.07,4.8,1,0,1.958,0,100,Healthy
R09,33,68.48,9.59,41.15,2.56,1.69,4.95,2,0,1.186,0,100,Healthy
R09,34,68.37,9.03,44.77,2.32,1.77,5.1,0,0,1.493,0,100,Healthy
R09,35,68.21,7.09,37.11,2.31,1.81,5.25,1,0,1.772,0,100,Healthy
R09,36,68.07,7.78,48.86,1.81,1.39,5.4,2,0,1.463,0,100,Healthy
R09,37,67.97,8.21,37.17,2.45,1.78,5.55,2,0,1.546,0,100,Healthy
R09,38,67.67,6.07,38.51,1.23,1.63,5.7,0,0,2.176,0,100,Healthy
R09,39,67.62,9.47,41.08,1.8,1.26,5.85,0,0,1.647,0,100,Healthy
R09,40,67.53,9.09,38.66,2.8,1.42,6.0,0,0,1.19,0,100,Healthy
R09,41,67.45,8.4,46.57,2.32,1.2,6.15,0,0,1.59,0,100,Healthy
R09,42,67.21,8.31,41.88,2.39,1.38,6.3,1,0,0.724,0,100,Healthy
R09,43,67.08,8.74,43.88,2.62,1.79,6.45,1,0,1.191,0,100,Healthy
R09,44,66.93,7.58,32.21,2.06,1.43,6.6,1,0,1.883,0,100,Healthy
R09,45,66.86,7.77,34.51,3.45,1.42,6.75,1,0,1.603,0,100,Healthy
R09,46,66.72,9.29,38.41,2.42,1.86,6.9,0,0,1.826,0,100,Healthy
R09,47,66.61,7.81,51.27,2.81,1.5,7.05,1,0,1.334,0,100,Healthy
R09,48,66.36,7.3,38.9,1.86,1.92,7.2,1,0,2.021,0,100,Healthy
R09,49,66.18,7.52,36.85,1.75,1.59,7.35,2,0,1.5,0,100,Healthy
R09,50,66.1,7.57,35.5,4.02,1.22,7.5,0,1,2.227,0,80,Healthy
R09,51,66.0,9.31,34.62,2.82,1.44,7.65,1,0,1.444,0,100,Healthy
R09,52,65.72,5.73,43.56,1.67,1.4,7.8,2,0,1.758,0,100,Healthy
R09,53,65.65,6.16,47.75,2.36,1.78,7.95,0,0,1.925,0,100,Healthy
R09,54,65.55,7.08,46.38,2.0,1.66,8.1,0,0,1.491,0,100,Healthy
R09,55,65.38,7.32,36.1,2.52,1.2,8.25,3,0,1.978,0,100,Healthy
R09,56,65.21,6.25,39.89,1.58,1.7,8.4,0,0,1.96,0,100,Healthy
R09,57,65.1,8.5,43.8,0.68,1.37,8.55,1,0,2.025,0,100,Healthy
R09,58,65.0,6.98,39.29,3.03,1.44,8.7,1,0,1.139,0,100,Healthy
R09,59,64.72,10.4,47.7,2.43,1.38,8.85,2,0,1.446,0,100,Healthy
R09,60,64.59,7.81,37.7,1.11,1.43,9.0,2,0,1.876,0,100,Healthy
R09,61,64.33,8.47,46.13,2.56,1.35,9.15,1,0,0.997,0,100,Healthy
R09,62,64.23,7.8,50.18,2.37,1.5,9.3,1,0,1.34,0,100,Healthy
R09,63,64.04,9.42,47.18,2.53,1.65,9.45,2,0,1.233,0,100,Healthy
R09,64,63.92,9.69,35.96,1.51,1.47,9.6,1,0,1.827,0,100,Healthy
R09,65,63.76,5.37,50.0,2.99,1.63,9.75,1,0,2.053,0,100,Healthy
R09,66,63.66,8.88,42.31,2.71,1.57,9.9,0,0,1.136,0,100,Healthy
R09,67,63.51,6.54,41.48,1.95,1.3,10.05,0,0,1.807,0,100,Healthy
R09,68,63.23,10.16,46.29,2.32,1.67,10.2,1,0,1.481,0,100,Healthy
R09,69,63.13,8.61,45.13,1.63,1.12,10.35,1,0,2.031,0,100,Healthy
R09,70,63.02,11.425145775430998,55.90994285511061,4.037736057244452,1.72,10.5,7,1,4.363,0,45,Critical
R09,71,62.84,13.310514736102649,58.902369414973606,5.081281736675479,1.34,10.65,5,1,4.662,0,25,Critical
R09,72,62.55,8.55,48.5,2.1,1.5,10.8,2,0,1.44,0,100,Healthy
R09,73,62.34,8.78,33.86,1.56,2.03,10.95,1,0,2.898,0,100,Healthy
R09,74,62.17,10.44,44.34,2.16,1.83,11.1,1,0,1.988,0,100,Healthy
R09,75,61.89,9.74,38.3,3.24,1.49,11.25,2,0,1.582,0,100,Healthy
R09,76,61.72,8.25,40.68,2.78,1.44,11.4,3,0,1.529,0,100,Healthy
R09,77,61.47,8.33,37.01,2.5,1.37,11.55,0,0,1.769,0,100,Healthy
R09,78,61.38,6.82,32.21,2.03,1.55,11.7,1,0,2.303,0,100,Healthy
R09,79,61.18,12.709234837604825,67.93440926530666,2.944694354350191,1.8,11.85,7,1,5.62,1,45,Critical
R09,80,61.01,9.42,49.7,2.11,1.44,12.0,0,0,1.948,0,100,Healthy
R09,81,60.73,7.1,43.91,3.29,1.06,12.15,1,0,2.343,0,100,Healthy
R09,82,60.62,6.27,45.43,2.84,1.42,12.3,1,0,1.793,0,100,Healthy
R09,83,60.34,6.47,40.11,3.13,1.51,12.45,1,0,1.803,0,100,Healthy
R09,84,60.12,9.03,42.76,2.57,1.24,12.6,1,0,1.794,0,100,Healthy
R09,85,59.95,7.8,40.37,2.77,1.46,12.75,0,0,1.74,0,100,Healthy
R09,86,59.78,6.87,44.38,3.7,1.48,12.9,2,0,1.965,0,100,Healthy
R09,87,59.7,7.11,46.32,2.61,1.57,13.05,1,0,1.763,0,100,Healthy
R09,88,59.54,9.6,44.91,2.28,1.64,13.2,2,0,1.841,0,100,Healthy
R09,89,59.41,9.92,44.82,3.74,1.19,13.35,2,0,2.384,0,100,Healthy
R09,90,59.15,5.98,40.52,2.43,1.1,13.5,1,0,2.618,0,100,Healthy
R09,91,58.91,15.38612850573259,50.30229328231265,5.138258921904875,1.13,13.65,5,1,5.172,1,45,Critical
R09,92,58.76,8.83,45.58,1.29,1.83,13.8,1,0,2.545,0,100,Healthy
R09,93,58.57,9.54,24.31,2.82,1.38,13.95,1,0,3.448,0,100,Healthy
R09,94,58.33,6.86,40.29,1.8,1.51,14.1,1,0,2.175,0,100,Healthy
R09,95,58.21,11.068861121647233,54.75234703892189,5.4416974010655155,1.86,14.25,5,1,4.55,0,65,Warning
R09,96,58.1,6.58,42.15,3.33,2.0,14.4,4,0,3.249,0,100,Healthy
R09,97,58.01,8.76,40.43,2.39,1.49,14.55,1,0,1.974,0,100,Healthy
R09,98,57.83,7.59,31.57,3.18,1.57,14.7,1,0,2.704,0,100,Healthy
R09,99,57.57,5.84,43.34,2.59,1.41,14.85,1,0,2.38,0,100,Healthy
R10,0,88.48,7.74,43.92,2.3,1.66,0.0,1,0,2.351,0,100,Healthy
R10,1,88.42,7.48,50.61,1.96,1.35,0.15,1,0,2.669,0,100,Healthy
R10,2,88.17,7.62,29.97,1.54,1.22,0.3,2,0,3.358,0,100,Healthy
R10,3,88.01,7.55,45.58,2.65,1.42,0.45,1,0,2.211,0,100,Healthy
R10,4,87.95,12.352681549042769,54.4254987437011,3.897945678080372,1.13,0.6,5,1,4.288,0,65,Warning
R10,5,87.66,8.59,45.77,1.63,1.49,0.75,1,0,2.308,0,100,Healthy
R10,6,87.49,9.67,35.22,2.36,1.24,0.9,0,0,2.744,0,100,Healthy
R10,7,87.22,7.38,46.27,2.52,1.63,1.05,0,0,2.274,0,100,Healthy
R10,8,87.08,8.13,40.41,2.94,1.48,1.2,0,0,2.129,0,100,Healthy
R10,9,86.89,10.27,41.18,2.99,1.29,1.35,0,0,2.402,0,100,Healthy
R10,10,86.7,8.54,40.22,2.52,1.67,1.5,0,0,2.157,0,100,Healthy
R10,11,86.59,8.55,52.49,2.4,1.65,1.65,1,0,2.407,0,100,Healthy
R10,12,86.41,7.6,33.51,3.8,1.43,1.8,1,0,2.585,0,100,Healthy
R10,13,86.35,11.72,40.71,2.86,1.34,1.95,2,0,2.506,0,100,Healthy
R10,14,86.08,13.575589695189588,62.139043863493114,7.9317674566451934,1.53,2.1,4,1,6.594,1,40,Critical
R10,15,85.91,6.45,43.64,2.7,1.67,2.25,1,0,2.058,0,100,Healthy
R10,16,85.71,5.08,45.42,1.93,1.54,2.4,1,0,2.467,0,100,Healthy
R10,17,85.41,10.2,44.99,2.05,1.43,2.55,1,0,1.968,0,100,Healthy
R10,18,85.26,7.87,42.17,2.61,1.84,2.7,0,0,2.208,0,100,Healthy
R10,19,85.19,6.68,46.1,2.63,1.39,2.85,1,0,1.893,0,100,Healthy
R10,20,85.05,8.79,36.47,1.48,1.97,3.0,1,0,2.823,0,100,Healthy
R10,21,84.79,11.51,37.03,1.85,1.36,3.15,0,0,2.603,0,100,Healthy
R10,22,84.57,8.73,37.11,1.53,1.05,3.3,1,0,2.702,0,100,Healthy
R10,23,84.49,9.3,35.71,1.63,1.74,3.45,1,0,2.309,0,100,Healthy
R10,24,84.39,7.21,38.51,2.04,1.4,3.6,1,0,1.837,0,100,Healthy
R10,25,84.3,6.37,48.14,2.84,1.94,3.75,0,0,2.631,0,100,Healthy
R10,26,84.09,8.12,36.92,1.34,1.39,3.9,3,0,2.313,0,100,Healthy
R10,27,83.94,11.005710118022087,52.7415317431045,2.035693574269222,1.41,4.05,4,0,2.846,0,100,Healthy
R10,28,83.8,9.32,40.1,3.33,1.89,4.2,0,0,2.273,0,100,Healthy
R10,29,83.54,5.0,43.56,3.96,1.49,4.35,0,0,2.506,0,100,Healthy
R10,30,83.27,5.61,38.63,2.37,1.23,4.5,1,0,2.252,0,100,Healthy
R10,31,83.06,8.61,41.57,3.38,1.6,4.65,0,0,1.592,0,100,Healthy
R10,32,82.91,8.96,32.63,2.95,1.23,4.8,2,0,2.289,0,100,Healthy
R10,33,82.82,8.77,42.41,1.27,1.28,4.95,4,0,2.454,0,100,Healthy
R10,34,82.75,9.42,44.02,1.82,1.3,5.1,1,0,1.664,0,100,Healthy
R10,35,82.6,11.47,43.39,1.91,1.83,5.25,1,0,2.333,0,100,Healthy
R10,36,82.42,6.41,45.86,2.5,1.11,5.4,3,0,2.337,0,100,Healthy
R10,37,82.26,6.52,39.87,2.59,1.34,5.55,1,0,1.612,0,100,Healthy
R10,38,82.2,7.14,46.05,2.87,1.71,5.7,2,0,1.54,0,100,Healthy
R10,39,82.04,7.02,52.53,2.52,1.16,5.85,2,0,2.329,0,100,Healthy
R10,40,81.82,8.41,39.04,3.18,1.5,6.0,1,0,1.226,0,100,Healthy
R10,41,81.57,7.87,40.11,1.68,1.54,6.15,1,0,1.442,0,100,Healthy
R10,42,81.47,9.98,45.12,2.67,1.62,6.3,1,0,1.292,0,100,Healthy
R10,43,81.42,8.11,36.82,1.92,1.94,6.45,2,0,2.29,0,100,Healthy
R10,44,81.33,8.6,45.77,3.16,1.19,6.6,0,0,1.781,0,100,Healthy
R10,45,81.13,7.66,45.2,1.78,1.64,6.75,1,0,1.416,0,100,Healthy
R10,46,81.03,6.87,39.26,2.35,1.71,6.9,0,0,1.717,0,100,Healthy
R10,47,80.87,9.37,37.81,2.46,1.61,7.05,2,0,1.363,0,100,Healthy
R10,48,80.64,10.61,42.97,2.4,1.74,7.2,2,0,1.66,0,100,Healthy
R10,49,80.44,7.62,42.58,3.25,1.12,7.35,0,0,1.961,0,100,Healthy
R10,50,80.39,5.64,39.06,1.36,1.39,7.5,0,0,2.276,0,100,Healthy
R10,51,80.16,6.29,42.35,3.1,1.08,7.65,0,0,2.264,0,100,Healthy
R10,52,80.08,8.98,46.09,3.17,1.8,7.8,1,0,1.542,0,100,Healthy
R10,53,80.02,9.55,44.83,0.93,1.5,7.95,0,0,2.055,0,100,Healthy
R10,54,79.81,8.9,43.95,3.33,1.33,8.1,2,0,1.241,0,100,Healthy
R10,55,79.63,9.85,44.4,4.12,1.65,8.25,1,1,1.771,0,80,Healthy
R10,56,79.39,7.0,47.49,3.11,1.38,8.4,0,0,1.56,0,100,Healthy
R10,57,79.11,13.364540048528553,52.45560316242229,6.30124103486382,1.61,8.55,8,1,5.797,1,45,Critical
R10,58,78.98,8.89,48.4,2.19,1.46,8.7,0,0,1.435,0,100,Healthy
R10,59,78.79,8.27,49.9,1.59,1.34,8.85,1,0,1.768,0,100,Healthy
R10,60,78.5,8.32,41.8,3.02,1.52,9.0,0,0,1.115,0,100,Healthy
R10,61,78.26,7.8,37.64,2.55,1.68,9.15,1,0,1.361,0,100,Healthy
R10,62,78.21,8.85,43.14,2.94,1.22,9.3,0,0,1.564,0,100,Healthy
R10,63,78.01,8.61,38.37,2.26,1.03,9.45,1,0,2.17,0,100,Healthy
R10,64,77.78,9.25,35.67,2.84,1.28,9.6,0,0,1.84,0,100,Healthy
R10,65,77.62,8.99,37.82,2.89,1.41,9.75,1,0,1.237,0,100,Healthy
R10,66,77.42,7.76,38.14,3.17,1.82,9.9,1,0,1.745,0,100,Healthy
R10,67,77.27,8.36,39.26,3.81,1.51,10.05,0,0,1.628,0,100,Healthy
R10,68,77.14,9.31,39.14,2.53,1.74,10.2,1,0,1.459,0,100,Healthy
R10,69,76.87,5.43,41.27,3.43,2.05,10.35,0,0,2.91,0,100,Healthy
R10,70,76.72,9.55,46.33,2.16,1.35,10.5,0,0,1.571,0,100,Healthy
R10,71,76.66,7.14,40.28,2.72,1.36,10.65,1,0,1.319,0,100,Healthy
R10,72,76.6,7.81,37.41,2.56,1.11,10.8,0,0,2.157,0,100,Healthy
R10,73,76.32,8.17,46.36,1.62,1.12,10.95,1,0,2.104,0,100,Healthy
R10,74,76.15,16.469545282815464,42.87911825278487,2.714056392596714,1.4,11.1,6,1,4.794,0,65,Warning
R10,75,75.99,9.91,46.38,3.17,1.42,11.25,1,0,1.432,0,100,Healthy
R10,76,75.92,9.58,41.28,3.29,1.6,11.4,1,0,1.371,0,100,Healthy
R10,77,75.87,9.3,36.62,2.03,1.74,11.55,1,0,1.874,0,100,Healthy
R10,78,75.72,7.39,40.11,1.47,1.76,11.7,1,0,1.992,0,100,Healthy
R10,79,75.58,10.75,51.34,1.69,1.9,11.85,1,0,2.703,0,100,Healthy
R10,80,75.52,10.59,32.69,2.15,1.64,12.0,1,0,2.338,0,100,Healthy
R10,81,75.37,8.01,36.02,2.31,1.84,12.15,2,0,2.128,0,100,Healthy
R10,82,75.19,8.62,40.36,1.5,1.6,12.3,0,0,1.89,0,100,Healthy
R10,83,74.94,8.35,40.18,2.37,0.88,12.45,1,0,2.776,0,100,Healthy
R10,84,74.76,8.95,36.41,3.74,1.23,12.6,1,0,2.184,0,100,Healthy
R10,85,74.69,7.27,44.49,2.88,1.66,12.75,1,0,1.558,0,100,Healthy
R10,86,74.57,8.03,36.72,1.24,1.77,12.9,1,0,2.38,0,100,Healthy
R10,87,74.36,6.8,40.34,3.49,1.69,13.05,1,0,1.924,0,100,Healthy
R10,88,74.08,8.18,38.8,3.92,1.59,13.2,1,0,1.937,0,100,Healthy
R10,89,74.02,7.57,45.71,2.44,1.23,13.35,1,0,1.879,0,100,Healthy
R10,90,73.9,7.91,39.72,1.77,1.61,13.5,2,0,1.854,0,100,Healthy
R10,91,73.62,8.97,46.5,1.86,1.66,13.65,0,0,2.007,0,100,Healthy
R10,92,73.39,7.62,34.72,2.97,1.67,13.8,1,0,2.133,0,100,Healthy
R10,93,73.13,6.57,45.39,1.85,1.22,13.95,0,0,2.39,0,100,Healthy
R10,94,73.02,7.73,34.8,3.17,1.78,14.1,0,0,2.466,0,100,Healthy
R10,95,72.74,5.66,46.89,1.93,1.71,14.25,1,0,2.424,0,100,Healthy
R10,96,72.48,10.49,38.07,2.98,1.23,14.4,1,0,2.332,0,100,Healthy
R10,97,72.27,9.15,41.47,3.36,1.5,14.55,1,0,1.823,0,100,Healthy
R10,98,72.16,9.44,40.28,2.6,1.11,14.7,1,0,2.38,0,100,Healthy
R10,99,71.95,7.47,40.56,2.42,1.52,14.85,0,0,1.999,0,100,Healthy
R11,0,91.17,7.48,51.04,2.71,1.36,0.0,0,0,2.835,0,100,Healthy
R11,1,90.9,9.17,45.12,1.34,1.24,0.15,0,0,2.956,0,100,Healthy
R11,2,90.73,10.51,46.11,2.49,1.41,0.3,0,0,2.66,0,100,Healthy
R11,3,90.57,5.92,51.51,3.6,1.36,0.45,2,0,3.042,0,100,Healthy
R11,4,90.37,5.83,47.91,1.11,1.46,0.6,0,0,3.126,0,100,Healthy
R11,5,90.26,8.38,38.61,2.78,1.54,0.75,1,0,2.284,0,100,Healthy
R11,6,89.99,7.79,47.49,2.75,1.52,0.9,2,0,2.278,0,100,Healthy
R11,7,89.9,10.47,34.81,2.14,1.47,1.05,2,0,2.715,0,100,Healthy
R11,8,89.72,9.01,45.77,1.14,1.5,1.2,2,0,2.594,0,100,Healthy
R11,9,89.6,6.92,46.05,2.58,1.18,1.35,0,0,2.657,0,100,Healthy
R11,10,89.39,8.4,37.93,2.24,1.63,1.5,3,0,2.425,0,100,Healthy
R11,11,89.17,7.82,38.8,2.53,1.63,1.65,0,0,2.283,0,100,Healthy
R11,12,89.09,9.16,48.79,2.85,1.47,1.8,0,0,2.283,0,100,Healthy
R11,13,88.97,7.72,44.74,2.66,1.09,1.95,1,0,2.537,0,100,Healthy
R11,14,88.68,7.34,44.55,1.93,1.88,2.1,1,0,2.547,0,100,Healthy
R11,15,88.39,7.74,36.92,0.87,1.41,2.25,0,0,2.823,0,100,Healthy
R11,16,88.33,7.25,51.15,2.86,1.38,2.4,2,0,2.334,0,100,Healthy
R11,17,88.12,6.83,38.09,2.19,1.35,2.55,2,0,2.242,0,100,Healthy
R11,18,87.85,6.04,36.8,2.14,1.19,2.7,0,0,2.761,0,100,Healthy
R11,19,87.63,8.74,33.59,2.96,1.47,2.85,1,0,2.26,0,100,Healthy
R11,20,87.52,6.98,39.59,2.87,1.33,3.0,0,0,2.151,0,100,Healthy
R11,21,87.33,8.16,30.1,1.22,1.65,3.15,0,0,3.073,0,100,Healthy
R11,22,87.09,7.71,43.47,2.99,0.99,3.3,0,0,2.707,0,100,Healthy
R11,23,87.01,8.84,54.49,2.34,1.15,3.45,2,0,2.765,0,100,Healthy
R11,24,86.83,9.15,45.32,1.78,1.6,3.6,2,0,1.894,0,100,Healthy
R11,25,86.67,9.47,35.95,2.81,1.16,3.75,4,0,2.78,0,100,Healthy
R11,26,86.47,9.28,40.71,3.39,1.62,3.9,0,0,1.914,0,100,Healthy
R11,27,86.37,6.53,49.12,3.59,1.72,4.05,0,0,2.403,0,100,Healthy
R11,28,86.29,8.17,38.48,3.68,1.54,4.2,1,0,1.855,0,100,Healthy
R11,29,86.15,9.07,33.3,2.36,1.79,4.35,0,0,2.493,0,100,Healthy
R11,30,86.08,13.869021960726773,61.70459268279512,3.8880727424301287,1.55,4.5,6,1,4.99,0,45,Critical
R11,31,85.83,15.59608062122707,66.18031971876471,3.5478721253006253,1.52,4.65,7,1,6.073,1,45,Critical
R11,32,85.61,7.37,39.54,1.87,1.05,4.8,1,0,2.462,0,100,Healthy
R11,33,85.49,8.1,40.15,1.39,1.3,4.95,3,0,2.208,0,100,Healthy
R11,34,85.41,6.82,45.27,2.0,1.48,5.1,1,0,1.678,0,100,Healthy
R11,35,85.13,7.87,47.56,2.98,1.85,5.25,1,0,1.992,0,100,Healthy
R11,36,84.88,8.84,41.7,0.41,1.23,5.4,2,0,2.713,0,100,Healthy
R11,37,84.79,8.6,41.83,3.01,1.65,5.55,0,0,1.559,0,100,Healthy
R11,38,84.62,9.25,44.32,1.53,1.56,5.7,0,0,1.83,0,100,Healthy
R11,39,84.5,7.22,42.22,2.76,1.4,5.85,0,0,1.558,0,100,Healthy
R11,40,84.39,9.26,27.74,2.28,1.89,6.0,2,0,3.075,0,100,Healthy
R11,41,84.3,5.56,35.79,2.86,1.89,6.15,1,0,2.596,0,100,Healthy
R11,42,84.2,5.88,50.7,1.6,1.51,6.3,2,0,2.293,0,100,Healthy
R11,43,84.02,7.03,42.94,1.95,1.55,6.45,4,0,2.085,0,100,Healthy
R11,44,83.86,14.010217573533092,56.2884574370635,6.413589311857676,2.09,6.6,8,1,6.596,1,25,Critical
R11,45,83.81,8.07,33.89,1.86,0.97,6.75,1,0,2.842,0,100,Healthy
R11,46,83.65,8.45,49.28,2.09,1.61,6.9,1,0,1.569,0,100,Healthy
R11,47,83.54,7.15,40.24,2.31,1.42,7.05,1,0,1.377,0,100,Healthy
R11,48,83.28,7.52,41.79,1.73,1.95,7.2,0,0,2.372,0,100,Healthy
R11,49,83.17,6.83,50.99,2.89,1.27,7.35,2,0,2.002,0,100,Healthy
R11,50,82.93,7.1,43.69,2.12,1.95,7.5,1,0,2.165,0,100,Healthy
R11,51,82.72,8.56,41.4,2.66,1.48,7.65,1,0,1.008,0,100,Healthy
R11,52,82.47,15.002999780724968,45.25708629279095,4.334797249121615,1.27,7.8,4,1,4.047,0,60,Warning
R11,53,82.2,7.4,43.23,3.42,1.82,7.95,1,0,1.756,0,100,Healthy
R11,54,82.09,9.12,45.88,2.52,1.28,8.1,0,0,1.577,0,100,Healthy
R11,55,81.99,7.62,43.34,3.0,1.49,8.25,0,0,1.287,0,100,Healthy
R11,56,81.7,8.02,42.72,2.14,1.27,8.4,1,0,1.413,0,100,Healthy
R11,57,81.58,8.93,42.9,1.89,1.35,8.55,2,0,1.386,0,100,Healthy
R11,58,81.45,7.9,46.0,2.39,1.8,8.7,1,0,1.585,0,100,Healthy
R11,59,81.29,7.5,42.16,3.52,1.43,8.85,3,0,1.6,0,100,Healthy
R11,60,81.1,8.25,49.3,1.92,1.4,9.0,2,0,1.591,0,100,Healthy
R11,61,80.9,9.24,44.96,1.76,1.92,9.15,2,0,2.13,0,100,Healthy
R11,62,80.76,8.31,38.49,1.3,1.11,9.3,1,0,2.33,0,100,Healthy
R11,63,80.56,8.74,44.55,3.07,1.58,9.45,1,0,1.066,0,100,Healthy
R11,64,80.28,7.86,46.6,2.0,1.12,9.6,1,0,1.974,0,100,Healthy
R11,65,80.16,6.85,44.59,2.15,1.46,9.75,0,0,1.544,0,100,Healthy
R11,66,79.92,7.68,43.83,1.14,0.9,9.9,2,0,2.964,0,100,Healthy
R11,67,79.7,8.98,41.02,2.71,1.92,10.05,1,0,1.922,0,100,Healthy
R11,68,79.52,6.86,51.06,3.0,1.61,10.2,0,0,1.948,0,100,Healthy
R11,69,79.36,10.01,37.88,3.01,1.17,10.35,1,0,1.989,0,100,Healthy
R11,70,79.08,9.44,42.04,2.54,1.43,10.5,0,0,1.378,0,100,Healthy
R11,71,78.81,9.17,36.34,1.73,1.67,10.65,0,0,1.997,0,100,Healthy
R11,72,78.66,9.07,38.96,2.36,1.85,10.8,1,0,1.857,0,100,Healthy
R11,73,78.41,6.03,39.26,2.68,1.07,10.95,1,0,2.38,0,100,Healthy
R11,74,78.33,6.91,45.48,2.24,1.17,11.1,0,0,2.06,0,100,Healthy
R11,75,78.14,7.0,31.47,1.5,1.54,11.25,0,0,2.581,0,100,Healthy
R11,76,77.87,5.64,34.59,2.5,1.36,11.4,1,0,2.263,0,100,Healthy
R11,77,77.64,7.34,38.4,2.49,1.22,11.55,0,0,1.97,0,100,Healthy
R11,78,77.58,6.96,39.88,2.71,1.96,11.7,0,0,2.402,0,100,Healthy
R11,79,77.52,7.42,44.31,1.36,1.77,11.85,1,0,2.073,0,100,Healthy
R11,80,77.45,7.24,39.17,3.81,1.29,12.0,0,0,2.114,0,100,Healthy
R11,81,77.4,10.93,44.19,2.56,1.62,12.15,1,0,1.79,0,100,Healthy
R11,82,77.12,7.38,46.76,1.95,1.28,12.3,2,0,1.87,0,100,Healthy
R11,83,77.05,9.02,45.11,3.18,1.19,12.45,2,0,1.897,0,100,Healthy
R11,84,76.87,8.84,43.76,1.11,1.49,12.6,1,0,1.992,0,100,Healthy
R11,85,76.72,8.49,45.33,1.56,1.39,12.75,0,0,1.945,0,100,Healthy
R11,86,76.6,8.66,38.33,2.29,1.09,12.9,2,0,2.291,0,100,Healthy
R11,87,76.53,8.22,37.93,1.47,1.95,13.05,1,0,2.629,0,100,Healthy
R11,88,76.35,6.57,42.08,2.66,1.29,13.2,0,0,2.033,0,100,Healthy
R11,89,76.24,7.51,44.71,1.75,1.34,13.35,1,0,1.893,0,100,Healthy
R11,90,76.02,9.14,42.28,2.8,1.38,13.5,1,0,1.603,0,100,Healthy
R11,91,75.87,7.37,38.45,2.77,1.09,13.65,2,0,2.401,0,100,Healthy
R11,92,75.58,8.88,38.38,1.87,1.4,13.8,1,0,1.925,0,100,Healthy
R11,93,75.36,6.69,54.8,3.73,1.49,13.95,0,0,2.799,0,100,Healthy
R11,94,75.14,8.52,38.41,1.08,1.17,14.1,0,0,2.756,0,100,Healthy
R11,95,74.97,7.92,36.63,1.95,1.71,14.25,2,0,2.218,0,100,Healthy
R11,96,74.71,9.74,39.7,2.2,1.17,14.4,1,0,2.307,0,100,Healthy
R11,97,74.49,8.81,50.23,3.21,1.03,14.55,0,0,2.869,0,100,Healthy
R11,98,74.42,9.21,35.34,1.79,1.1,14.7,0,0,2.873,0,100,Healthy
R11,99,74.29,9.92,38.76,2.98,1.5,14.85,0,0,2.153,0,100,Healthy
R12,0,69.99,9.34,43.16,2.85,1.41,0.0,0,0,1.966,0,100,Healthy
R12,1,69.75,8.23,44.69,2.1,1.48,0.15,2,0,1.83,0,100,Healthy
R12,2,69.53,6.72,41.74,3.84,1.79,0.3,2,0,2.438,0,100,Healthy
R12,3,69.33,9.87,32.24,1.58,1.83,0.45,1,0,2.927,0,100,Healthy
R12,4,69.11,6.65,34.56,2.79,1.16,0.6,1,0,2.609,0,100,Healthy
R12,5,68.98,8.71,46.81,3.16,1.77,0.75,0,0,2.133,0,100,Healthy
R12,6,68.91,8.92,39.36,2.5,1.6,0.9,0,0,1.851,0,100,Healthy
R12,7,68.82,13.942730341234007,47.448080365183266,6.789739720542519,1.44,1.05,8,1,6.184,1,45,Critical
R12,8,68.61,9.62,49.22,2.7,1.51,1.2,3,0,2.03,0,100,Healthy
R12,9,68.54,10.69,28.37,2.35,1.81,1.35,1,0,3.13,0,100,Healthy
R12,10,68.48,9.36,44.0,2.72,1.22,1.5,1,0,1.835,0,100,Healthy
R12,11,68.4,7.93,43.27,2.07,1.37,1.65,2,0,1.617,0,100,Healthy
R12,12,68.33,7.71,46.32,2.23,1.02,1.8,1,0,2.421,0,100,Healthy
R12,13,68.05,8.92,39.93,2.82,1.12,1.95,0,0,2.18,0,100,Healthy
R12,14,67.79,8.01,41.54,1.61,1.21,2.1,2,0,2.033,0,100,Healthy
R12,15,67.53,8.17,33.37,2.31,1.49,2.25,2,0,1.995,0,100,Healthy
R12,16,67.3,7.15,42.59,2.67,1.27,2.4,0,0,1.795,0,100,Healthy
R12,17,67.23,9.93,31.6,3.34,1.27,2.55,1,0,2.481,0,100,Healthy
R12,18,66.99,9.55,48.98,2.32,1.51,2.7,1,0,1.582,0,100,Healthy
R12,19,66.7,8.41,48.22,1.95,1.34,2.85,0,0,1.812,0,100,Healthy
R12,20,66.53,8.17,32.57,2.54,1.72,3.0,1,0,2.124,0,100,Healthy
R12,21,66.32,6.46,36.86,2.45,2.18,3.15,1,0,3.146,0,100,Healthy
R12,22,66.18,14.777534593602699,55.747372075104124,4.440185693504373,1.43,3.3,7,1,5.186,1,25,Critical
R12,23,65.91,5.68,41.25,0.84,1.59,3.45,1,0,2.45,0,100,Healthy
R12,24,65.62,5.76,37.41,1.87,1.85,3.6,2,0,2.43,0,100,Healthy
R12,25,65.54,8.57,45.48,2.17,1.41,3.75,0,0,1.397,0,100,Healthy
R12,26,65.24,7.64,33.74,2.44,1.4,3.9,2,0,1.837,0,100,Healthy
R12,27,64.99,7.33,42.29,3.01,1.06,4.05,2,0,2.069,0,100,Healthy
R12,28,64.88,8.49,44.64,2.57,0.88,4.2,1,0,2.594,0,100,Healthy
R12,29,64.71,8.37,44.38,2.91,0.84,4.35,1,0,2.734,0,100,Healthy
R12,30,64.46,12.974073220612574,60.95255874595837,4.6294390457426715,1.22,4.5,5,1,4.637,0,25,Critical
R12,31,64.22,6.97,39.98,2.69,1.49,4.65,0,0,1.4,0,100,Healthy
R12,32,64.02,7.11,41.42,3.83,1.47,4.8,2,0,1.529,0,100,Healthy
R12,33,63.95,7.8,45.02,3.46,1.59,4.95,0,0,1.392,0,100,Healthy
R12,34,63.72,7.5,38.38,2.72,1.41,5.1,0,0,1.414,0,100,Healthy
R12,35,63.49,8.05,45.43,1.05,2.03,5.25,0,0,2.794,0,100,Healthy
R12,36,63.32,8.19,42.17,2.44,1.75,5.4,2,0,1.279,0,100,Healthy
R12,37,63.03,10.13,34.6,2.6,1.52,5.55,0,0,1.856,0,100,Healthy
R12,38,62.79,5.91,42.78,2.7,1.87,5.7,1,0,2.015,0,100,Healthy
R12,39,62.62,6.35,50.5,3.72,1.52,5.85,1,0,1.928,0,100,Healthy
R12,40,62.47,9.33,30.63,2.36,2.28,6.0,0,0,3.749,0,100,Healthy
R12,41,62.3,7.93,41.75,2.61,1.67,6.15,1,0,1.012,0,100,Healthy
R12,42,62.02,9.51,45.23,2.78,1.47,6.3,2,0,0.989,0,100,Healthy
R12,43,61.9,6.8,37.34,2.37,1.41,6.45,0,0,1.642,0,100,Healthy
R12,44,61.8,8.35,48.89,2.49,1.48,6.6,1,0,1.148,0,100,Healthy
R12,45,61.58,9.27,46.83,3.0,1.95,6.75,2,0,2.035,0,100,Healthy
R12,46,61.41,10.38,42.06,2.77,1.84,6.9,2,0,1.788,0,100,Healthy
R12,47,61.26,9.05,42.39,2.63,1.29,7.05,1,0,1.147,0,100,Healthy
R12,48,60.98,7.81,45.54,2.32,1.72,7.2,1,0,1.266,0,100,Healthy
R12,49,60.9,12.335943726413799,63.18830119421456,3.9290643785461272,1.84,7.35,7,1,5.151,1,45,Critical
R12,50,60.83,10.36,41.8,3.37,1.24,7.5,2,0,1.727,0,100,Healthy
R12,51,60.55,4.45,38.79,2.06,1.26,7.65,0,0,2.568,0,100,Healthy
R12,52,60.34,7.01,36.71,2.0,1.78,7.8,0,0,2.047,0,100,Healthy
R12,53,60.25,7.45,43.69,2.82,0.74,7.95,2,0,3.132,0,100,Healthy
R12,54,60.19,6.74,37.14,2.18,1.31,8.1,0,0,1.88,0,100,Healthy
R12,55,60.01,11.60267681201342,63.98645569315183,4.121477487971797,1.81,8.25,3,1,4.138,0,60,Warning
R12,56,59.82,8.76,41.41,2.18,1.56,8.4,3,0,1.382,0,100,Healthy
R12,57,59.67,8.08,34.36,3.75,2.07,8.55,4,0,3.246,0,100,Healthy
R12,58,59.38,7.67,39.68,3.35,1.5,8.7,2,0,1.299,0,100,Healthy
R12,59,59.27,7.11,44.57,1.59,1.3,8.85,0,0,1.891,0,100,Healthy
R12,60,59.04,9.04,31.68,3.52,1.18,9.0,1,0,2.492,0,100,Healthy
R12,61,58.77,12.78369758731244,70.56913457211994,3.443357036319225,1.67,9.15,4,1,5.097,0,60,Warning
R12,62,58.52,9.25,45.82,3.71,1.38,9.3,1,0,1.568,0,100,Healthy
R12,63,58.31,10.38,39.78,3.34,1.54,9.45,1,0,1.609,0,100,Healthy
R12,64,58.01,8.69,43.99,3.15,1.6,9.6,0,0,1.432,0,100,Healthy
R12,65,57.87,7.7,43.57,2.28,1.58,9.75,2,0,1.298,0,100,Healthy
R12,66,57.62,6.43,40.27,2.53,1.04,9.9,2,0,2.412,0,100,Healthy
R12,67,57.42,7.24,44.87,2.42,1.45,10.05,1,0,1.376,0,100,Healthy
R12,68,57.15,8.81,33.42,2.94,0.94,10.2,2,0,2.937,0,100,Healthy
R12,69,56.99,8.76,42.35,1.96,1.86,10.35,0,0,2.118,0,100,Healthy
R12,70,56.93,6.92,26.84,2.86,1.06,10.5,0,0,3.445,0,100,Healthy
R12,71,56.84,6.29,39.53,1.52,1.54,10.65,1,0,2.066,0,100,Healthy
R12,72,56.63,13.248228803323046,61.35205111071631,4.2963801625001015,1.49,10.8,8,1,5.57,1,25,Critical
R12,73,56.44,8.97,42.17,4.05,1.83,10.95,2,1,2.271,0,80,Healthy
R12,74,56.32,7.72,47.84,2.78,1.6,11.1,0,0,1.794,0,100,Healthy
R12,75,56.1,6.77,36.72,3.23,1.26,11.25,0,0,2.301,0,100,Healthy
R12,76,56.05,7.01,44.69,2.32,1.41,11.4,1,0,1.691,0,100,Healthy
R12,77,55.99,6.58,36.24,3.98,1.28,11.55,0,0,2.604,0,100,Healthy
R12,78,55.89,7.49,45.11,3.16,1.42,11.7,1,0,1.676,0,100,Healthy
R12,79,55.67,9.64,41.72,2.52,1.72,11.85,0,0,1.992,0,100,Healthy
R12,80,55.5,8.85,43.74,2.25,1.66,12.0,0,0,1.885,0,100,Healthy
R12,81,55.42,8.99,34.44,2.52,0.93,12.15,0,0,3.146,0,100,Healthy
R12,82,55.29,8.59,36.63,2.2,0.7,12.3,2,0,3.699,0,100,Healthy
R12,83,55.11,8.48,50.26,2.37,1.66,12.45,1,0,2.089,0,100,Healthy
R12,84,54.9,7.04,39.51,3.72,2.1,12.6,0,0,3.226,0,100,Healthy
R12,85,54.68,6.59,44.34,3.75,1.44,12.75,1,0,2.196,0,100,Healthy
R12,86,54.55,8.73,42.77,2.12,1.56,12.9,2,0,1.876,0,100,Healthy
R12,87,54.25,7.78,44.95,2.31,1.79,13.05,1,0,2.181,0,100,Healthy
R12,88,54.01,8.11,39.8,2.13,1.23,13.2,0,0,2.367,0,100,Healthy
R12,89,53.84,7.12,40.45,2.93,1.49,13.35,0,0,2.157,0,100,Healthy
R12,90,53.55,8.95,48.75,3.24,1.62,13.5,0,0,2.327,0,100,Healthy
R12,91,53.38,8.89,50.4,2.74,1.98,13.65,1,0,2.906,0,100,Healthy
R12,92,53.17,7.99,46.96,2.25,1.8,13.8,0,0,2.516,0,100,Healthy
R12,93,53.11,7.83,39.37,3.38,1.27,13.95,1,0,2.38,0,100,Healthy
R12,94,53.0,8.44,33.39,2.25,1.19,14.1,0,0,2.928,0,100,Healthy
R12,95,52.75,6.7,42.15,2.05,1.87,14.25,0,0,2.824,0,100,Healthy
R12,96,52.61,5.42,41.85,2.11,1.14,14.4,0,0,3.081,0,100,Healthy
R12,97,52.37,9.43,45.34,2.48,1.84,14.55,0,0,2.688,0,100,Healthy
R12,98,52.13,6.75,46.09,2.78,1.54,14.7,1,0,2.382,0,100,Healthy
R12,99,51.97,7.79,38.61,2.03,1.86,14.85,0,0,2.888,0,100,Healthy
R13,0,75.45,7.85,39.45,2.84,1.29,0.0,0,0,2.19,0,100,Healthy
R13,1,75.24,6.92,38.81,2.24,1.49,0.15,1,0,2.045,0,100,Healthy
R13,2,75.11,7.62,37.23,3.27,1.67,0.3,1,0,2.133,0,100,Healthy
R13,3,75.01,7.04,39.48,1.94,1.32,0.45,1,0,2.136,0,100,Healthy
R13,4,74.72,8.64,36.28,2.67,1.82,0.6,0,0,2.406,0,100,Healthy
R13,5,74.6,8.85,37.15,2.34,1.87,0.75,1,0,2.351,0,100,Healthy
R13,6,74.51,9.72,32.86,1.05,1.52,0.9,1,0,2.761,0,100,Healthy
R13,7,74.39,8.26,48.49,1.26,1.4,1.05,0,0,2.346,0,100,Healthy
R13,8,74.24,5.54,36.1,2.33,1.79,1.2,1,0,2.587,0,100,Healthy
R13,9,74.0,9.65,42.71,2.03,1.67,1.35,2,0,1.823,0,100,Healthy
R13,10,73.91,8.0,41.79,3.02,1.0,1.5,0,0,2.561,0,100,Healthy
R13,11,73.65,6.99,38.29,2.35,0.6,1.65,0,0,3.994,0,100,Healthy
R13,12,73.53,12.677197152985208,49.63419437931603,4.159118371322013,1.89,1.8,7,1,4.594,0,45,Critical
R13,13,73.24,7.4,44.72,2.34,1.45,1.95,0,0,1.648,0,100,Healthy
R13,14,73.0,14.4526987203683,58.34263462821849,5.799502207402392,1.86,2.1,8,1,6.294,1,25,Critical
R13,15,72.87,6.64,46.44,3.21,1.66,2.25,0,0,1.915,0,100,Healthy
R13,16,72.81,7.77,44.73,2.49,1.26,2.4,1,0,1.593,0,100,Healthy
R13,17,72.7,16.66072204329109,45.95045260421829,5.561556056222444,1.58,2.55,8,1,6.201,1,45,Critical
R13,18,72.45,6.78,39.47,3.45,1.41,2.7,1,0,1.688,0,100,Healthy
R13,19,72.16,9.96,34.84,1.6,1.1,2.85,2,0,2.632,0,100,Healthy
R13,20,71.91,7.52,42.01,2.58,1.08,3.0,0,0,2.149,0,100,Healthy
R13,21,71.8,16.580843010472076,56.58582978226084,5.95924930282779,1.65,3.15,9,1,6.982,1,25,Critical
R13,22,71.7,8.46,37.95,3.49,1.57,3.3,3,0,1.732,0,100,Healthy
R13,23,71.62,7.36,45.52,3.06,1.91,3.45,1,0,1.975,0,100,Healthy
R13,24,71.48,9.58,45.57,1.78,1.65,3.6,2,0,1.553,0,100,Healthy
R13,25,71.3,8.83,47.83,3.12,1.45,3.75,0,0,1.435,0,100,Healthy
R13,26,71.0,7.65,44.22,3.07,1.65,3.9,2,0,1.188,0,100,Healthy
R13,27,70.77,7.73,37.3,2.23,1.75,4.05,1,0,1.633,0,100,Healthy
R13,28,70.56,9.29,43.09,1.92,1.49,4.2,1,0,1.138,0,100,Healthy
R13,29,70.47,8.09,47.97,1.56,1.42,4.35,1,0,1.538,0,100,Healthy
R13,30,70.35,5.93,42.61,2.82,1.17,4.5,0,0,2.061,0,100,Healthy
R13,31,70.28,9.7,37.89,1.03,1.87,4.65,1,0,2.429,0,100,Healthy
R13,32,70.0,8.19,40.01,2.58,1.54,4.8,0,0,1.109,0,100,Healthy
R13,33,69.88,7.46,43.17,2.92,1.71,4.95,1,0,1.131,0,100,Healthy
R13,34,69.65,9.12,44.54,1.79,1.41,5.1,2,0,1.196,0,100,Healthy
R13,35,69.39,6.8,52.97,1.32,1.38,5.25,2,0,2.276,0,100,Healthy
R13,36,69.2,13.901669116202308,55.32913210091262,5.7207801698988785,1.42,5.4,6,1,5.05,0,25,Critical
R13,37,69.08,7.92,37.09,3.05,1.59,5.55,2,0,1.207,0,100,Healthy
R13,38,69.02,6.48,46.84,1.93,1.2,5.7,0,0,1.977,0,100,Healthy
R13,39,68.85,8.71,27.81,1.78,1.89,5.85,0,0,3.033,0,100,Healthy
R13,40,68.75,17.89693730837042,55.04477469690141,7.239548766878025,1.79,6.0,6,1,7.09,1,25,Critical
R13,41,68.56,10.9053922856321,74.39054404278768,4.703775353498981,2.25,6.15,5,1,6.355,1,45,Critical
R13,42,68.32,7.89,38.56,2.46,1.16,6.3,3,0,1.83,0,100,Healthy
R13,43,68.12,8.7,40.66,2.62,1.76,6.45,0,0,1.346,0,100,Healthy
R13,44,68.0,5.68,39.25,3.43,1.47,6.6,0,0,1.813,0,100,Healthy
R13,45,67.73,6.39,39.57,1.46,1.22,6.75,0,0,2.123,0,100,Healthy
R13,46,67.53,18.003311637407904,52.11547608881163,5.10743667198248,1.43,6.9,10,1,7.22,1,45,Critical
R13,47,67.4,7.59,42.01,2.31,1.39,7.05,0,0,1.086,0,100,Healthy
R13,48,67.34,7.17,44.34,3.42,1.79,7.2,0,0,1.654,0,100,Healthy
R13,49,67.04,6.49,48.45,2.28,1.65,7.35,1,0,1.463,0,100,Healthy
R13,50,66.76,7.54,39.49,3.57,1.58,7.5,1,0,1.165,0,100,Healthy
R13,51,66.71,7.79,48.8,2.37,1.71,7.65,1,0,1.306,0,100,Healthy
R13,52,66.55,8.18,49.66,1.71,1.29,7.8,0,0,1.8,0,100,Healthy
R13,53,66.35,7.34,39.89,3.42,1.78,7.95,2,0,1.537,0,100,Healthy
R13,54,66.07,8.61,47.77,1.9,1.34,8.1,1,0,1.283,0,100,Healthy
R13,55,65.78,9.62,52.5,2.47,2.04,8.25,0,0,2.736,0,100,Healthy
R13,56,65.57,7.24,50.19,1.95,1.68,8.4,0,0,1.798,0,100,Healthy
R13,57,65.48,9.24,40.1,2.22,1.78,8.55,2,0,1.427,0,100,Healthy
R13,58,65.39,8.1,43.6,1.81,1.68,8.7,0,0,1.415,0,100,Healthy
R13,59,65.21,6.89,39.48,2.45,1.97,8.85,0,0,2.248,0,100,Healthy
R13,60,65.12,8.29,37.8,2.65,1.41,9.0,0,0,1.296,0,100,Healthy
R13,61,65.01,8.39,44.9,3.35,1.49,9.15,3,0,1.271,0,100,Healthy
R13,62,64.8,7.33,41.76,3.11,1.98,9.3,1,0,2.073,0,100,Healthy
R13,63,64.63,7.79,45.57,3.39,1.64,9.45,2,0,1.209,0,100,Healthy
R13,64,64.49,7.65,44.16,2.42,1.49,9.6,1,0,0.858,0,100,Healthy
R13,65,64.38,8.37,40.96,2.64,1.81,9.75,1,0,1.433,0,100,Healthy
R13,66,64.23,5.83,37.25,0.3,1.47,9.9,1,0,2.833,0,100,Healthy
R13,67,64.05,7.16,39.14,3.85,1.22,10.05,2,0,1.963,0,100,Healthy
R13,68,63.91,9.78,35.43,3.34,1.5,10.2,1,0,1.683,0,100,Healthy
R13,69,63.82,6.27,46.73,3.17,1.7,10.35,0,0,1.863,0,100,Healthy
R13,70,63.71,6.45,42.42,1.74,1.21,10.5,0,0,2.1,0,100,Healthy
R13,71,63.61,7.35,44.33,2.56,1.43,10.65,1,0,1.129,0,100,Healthy
R13,72,63.53,9.04,42.75,2.88,1.82,10.8,0,0,1.752,0,100,Healthy
R13,73,63.35,8.32,38.91,3.77,1.6,10.95,1,0,1.589,0,100,Healthy
R13,74,63.23,5.51,42.77,2.44,1.78,11.1,2,0,2.092,0,100,Healthy
R13,75,63.1,7.37,45.89,1.48,1.56,11.25,1,0,1.708,0,100,Healthy
R13,76,62.98,8.79,41.26,2.52,1.46,11.4,2,0,1.203,0,100,Healthy
R13,77,62.76,9.38,48.12,2.47,1.35,11.55,1,0,1.57,0,100,Healthy
R13,78,62.6,6.61,32.1,2.47,1.7,11.7,2,0,2.388,0,100,Healthy
R13,79,62.44,5.89,35.66,1.88,1.46,11.85,1,0,2.213,0,100,Healthy
R13,80,62.26,7.78,52.12,2.2,1.47,12.0,3,0,2.138,0,100,Healthy
R13,81,61.96,9.05,37.27,2.37,1.57,12.15,1,0,1.636,0,100,Healthy
R13,82,61.67,8.12,40.93,1.23,2.16,12.3,0,0,3.285,0,100,Healthy
R13,83,61.44,8.28,35.27,2.15,1.13,12.45,0,0,2.494,0,100,Healthy
R13,84,61.27,8.47,45.41,1.92,1.54,12.6,1,0,1.616,0,100,Healthy
R13,85,61.02,7.39,34.4,3.15,1.4,12.75,0,0,2.231,0,100,Healthy
R13,86,60.83,15.887551997563369,49.71059727778032,5.897055726854478,1.72,12.9,6,1,5.698,1,45,Critical
R13,87,60.66,10.1,45.61,1.97,1.47,13.05,1,0,1.878,0,100,Healthy
R13,88,60.58,9.05,43.54,3.31,1.39,13.2,0,0,1.875,0,100,Healthy
R13,89,60.38,6.05,48.4,2.51,1.73,13.35,2,0,2.317,0,100,Healthy
R13,90,60.29,9.63,42.28,2.98,1.66,13.5,1,0,1.832,0,100,Healthy
R13,91,60.02,7.91,42.46,2.58,1.75,13.65,1,0,1.928,0,100,Healthy
R13,92,59.96,15.279419900478256,66.99470393886943,3.8848235228581394,2.05,13.8,7,1,6.542,1,45,Critical
R13,93,59.84,7.52,39.77,2.93,1.11,13.95,1,0,2.41,0,100,Healthy
R13,94,59.59,7.18,45.71,2.71,1.46,14.1,2,0,1.932,0,100,Healthy
R13,95,59.44,6.41,43.25,4.02,1.22,14.25,0,1,2.731,0,80,Healthy
R13,96,59.19,7.43,46.57,2.32,1.56,14.4,0,0,2.142,0,100,Healthy
R13,97,58.98,9.07,41.69,1.53,1.28,14.55,1,0,2.362,0,100,Healthy
R13,98,58.84,9.27,45.94,3.14,1.25,14.7,1,0,2.259,0,100,Healthy
R13,99,58.67,6.04,40.65,2.39,1.49,14.85,1,0,2.314,0,100,Healthy
R14,0,71.22,6.68,32.55,3.32,1.36,0.0,1,0,2.642,0,100,Healthy
R14,1,70.96,7.61,43.34,2.14,1.93,0.15,0,0,2.567,0,100,Healthy
R14,2,70.9,5.34,41.02,3.09,1.23,0.3,1,0,2.529,0,100,Healthy
R14,3,70.83,8.21,44.94,1.71,1.3,0.45,0,0,2.182,0,100,Healthy
R14,4,70.72,8.37,36.98,2.58,1.18,0.6,1,0,2.239,0,100,Healthy
R14,5,70.67,12.973399156092224,57.77582687713156,4.337514166905918,1.84,0.75,8,1,5.495,1,25,Critical
R14,6,70.44,7.27,40.18,1.16,1.65,0.9,1,0,2.287,0,100,Healthy
R14,7,70.26,8.97,52.95,3.12,1.76,1.05,1,0,2.379,0,100,Healthy
R14,8,70.0,5.67,34.46,2.82,1.87,1.2,0,0,2.873,0,100,Healthy
R14,9,69.72,8.15,39.04,1.21,1.3,1.35,0,0,2.353,0,100,Healthy
R14,10,69.53,6.84,41.74,3.51,1.67,1.5,2,0,1.908,0,100,Healthy
R14,11,69.24,7.51,45.69,2.34,1.2,1.65,1,0,1.925,0,100,Healthy
R14,12,69.05,8.08,50.31,2.39,1.44,1.8,0,0,1.915,0,100,Healthy
R14,13,68.82,7.74,47.72,2.61,1.68,1.95,2,0,1.681,0,100,Healthy
R14,14,68.68,8.18,41.14,2.56,1.5,2.1,1,0,1.302,0,100,Healthy
R14,15,68.5,7.37,40.9,2.55,1.52,2.25,0,0,1.565,0,100,Healthy
R14,16,68.26,6.48,50.77,2.93,1.4,2.4,2,0,1.997,0,100,Healthy
R14,17,68.18,6.33,41.41,2.93,1.22,2.55,2,0,1.954,0,100,Healthy
R14,18,67.97,8.45,44.79,2.58,1.77,2.7,1,0,1.55,0,100,Healthy
R14,19,67.83,8.3,29.8,2.37,1.45,2.85,0,0,2.455,0,100,Healthy
R14,20,67.71,15.651052643494685,59.248116579787016,6.087902024843131,1.58,3.0,5,1,5.79,1,25,Critical
R14,21,67.53,9.96,43.85,2.09,1.19,3.15,0,0,1.993,0,100,Healthy
R14,22,67.24,9.89,40.27,1.91,1.72,3.3,2,0,1.735,0,100,Healthy
R14,23,66.95,8.28,47.82,2.94,1.46,3.45,1,0,1.244,0,100,Healthy
R14,24,66.79,6.61,54.71,3.98,1.17,3.6,0,0,2.911,0,100,Healthy
R14,25,66.74,8.98,36.91,2.05,1.35,3.75,0,0,1.754,0,100,Healthy
R14,26,66.69,8.54,43.62,1.66,1.61,3.9,0,0,1.563,0,100,Healthy
R14,27,66.52,7.48,50.3,2.22,1.04,4.05,0,0,2.482,0,100,Healthy
R14,28,66.27,14.684786455870439,48.036751632256,4.0982740153144315,1.46,4.2,6,1,4.343,0,45,Critical
R14,29,66.13,7.72,35.44,2.63,1.29,4.35,1,0,1.688,0,100,Healthy
R14,30,65.91,8.17,37.01,2.69,1.47,4.5,2,0,1.268,0,100,Healthy
R14,31,65.79,8.93,36.39,2.54,1.11,4.65,2,0,2.036,0,100,Healthy
R14,32,65.65,6.44,41.11,1.52,1.84,4.8,3,0,2.303,0,100,Healthy
R14,33,65.54,7.91,49.69,2.04,1.35,4.95,0,0,1.691,0,100,Healthy
R14,34,65.3,8.18,34.24,4.05,1.16,5.1,2,1,2.407,0,80,Healthy
R14,35,65.25,10.3,35.38,3.89,1.69,5.25,0,0,2.22,0,100,Healthy
R14,36,65.03,8.69,38.38,3.39,1.26,5.4,0,0,1.679,0,100,Healthy
R14,37,64.88,6.81,45.71,2.87,1.8,5.55,1,0,1.59,0,100,Healthy
R14,38,64.71,7.17,54.16,2.09,1.94,5.7,0,0,2.709,0,100,Healthy
R14,39,64.61,14.720078644414786,55.87006594649692,4.90504286109624,1.5,5.85,9,1,6.005,1,25,Critical
R14,40,64.5,9.38,38.88,3.22,1.37,6.0,0,0,1.42,0,100,Healthy
R14,41,64.41,6.8,33.32,3.36,1.32,6.15,0,0,2.156,0,100,Healthy
R14,42,64.27,7.69,39.47,3.4,1.35,6.3,2,0,1.28,0,100,Healthy
R14,43,64.19,8.62,46.21,3.16,1.55,6.45,1,0,0.864,0,100,Healthy
R14,44,64.04,7.18,41.95,2.54,1.98,6.6,0,0,2.167,0,100,Healthy
R14,45,63.75,14.629085390424653,65.12828681822945,4.898863326276119,1.42,6.75,6,1,5.624,1,25,Critical
R14,46,63.64,8.63,42.04,3.16,1.55,6.9,1,0,0.747,0,100,Healthy
R14,47,63.38,9.31,41.57,2.01,1.4,7.05,4,0,1.818,0,100,Healthy
R14,48,63.2,9.73,34.83,2.03,1.72,7.2,2,0,1.872,0,100,Healthy
R14,49,62.95,8.66,42.65,1.97,1.42,7.35,1,0,0.97,0,100,Healthy
R14,50,62.66,5.29,44.16,2.62,1.35,7.5,1,0,1.765,0,100,Healthy
R14,51,62.38,7.43,32.78,1.85,1.53,7.65,1,0,1.946,0,100,Healthy
R14,52,62.31,9.75,33.82,3.86,1.53,7.8,0,0,2.133,0,100,Healthy
R14,53,62.19,7.48,47.24,1.75,1.59,7.95,0,0,1.579,0,100,Healthy
R14,54,62.08,7.54,38.19,4.31,1.6,8.1,2,1,1.92,0,80,Healthy
R14,55,61.93,4.99,38.16,2.18,1.65,8.25,0,0,2.229,0,100,Healthy
R14,56,61.72,8.26,41.17,2.49,1.26,8.4,1,0,1.248,0,100,Healthy
R14,57,61.49,5.98,46.57,2.88,1.38,8.55,1,0,1.59,0,100,Healthy
R14,58,61.22,7.59,46.8,2.95,1.33,8.7,1,0,1.267,0,100,Healthy
R14,59,60.94,8.06,41.04,1.61,1.77,8.85,0,0,1.854,0,100,Healthy
R14,60,60.81,7.52,42.82,2.0,1.68,9.0,0,0,1.529,0,100,Healthy
R14,61,60.54,7.66,47.26,2.85,1.95,9.15,1,0,2.076,0,100,Healthy
R14,62,60.36,5.36,40.9,2.67,1.22,9.3,1,0,2.093,0,100,Healthy
R14,63,60.21,13.786958301495508,60.25274800559586,6.610518126474791,1.48,9.45,4,1,5.458,1,40,Critical
R14,64,60.02,8.96,50.32,2.27,1.71,9.6,0,0,1.874,0,100,Healthy
R14,65,59.92,8.46,45.99,3.28,1.89,9.75,2,0,1.939,0,100,Healthy
R14,66,59.78,8.25,44.23,2.8,1.1,9.9,1,0,1.877,0,100,Healthy
R14,67,59.58,7.61,41.32,2.6,1.62,10.05,2,0,1.269,0,100,Healthy
R14,68,59.4,8.27,42.43,2.89,1.41,10.2,3,0,1.46,0,100,Healthy
R14,69,59.11,7.96,46.53,4.14,1.15,10.35,0,1,2.405,0,80,Healthy
R14,70,58.94,9.91,39.06,1.49,1.66,10.5,3,0,2.15,0,100,Healthy
R14,71,58.66,12.678177338338843,63.09229999611692,3.792323978905352,1.07,10.65,4,1,4.573,0,60,Warning
R14,72,58.61,8.45,37.6,3.26,1.08,10.8,1,0,2.267,0,100,Healthy
R14,73,58.38,7.63,42.96,2.69,1.58,10.95,0,0,1.521,0,100,Healthy
R14,74,58.31,7.83,40.11,4.71,1.73,11.1,0,1,2.589,0,80,Healthy
R14,75,58.03,12.713345385460865,59.9579488986017,5.793364804813755,1.03,11.25,8,1,6.181,1,25,Critical
R14,76,57.94,6.72,34.3,3.53,1.7,11.4,1,0,2.336,0,100,Healthy
R14,77,57.75,10.46,38.53,2.43,1.43,11.55,1,0,1.854,0,100,Healthy
R14,78,57.53,14.551171589633553,61.16467495957413,4.327634457241834,1.62,11.7,4,1,4.787,0,40,Critical
R14,79,57.3,15.129573987977338,52.76273500167875,2.8369132146117138,1.57,11.85,7,1,4.981,0,65,Warning
R14,80,57.24,10.23,33.13,3.64,1.55,12.0,1,0,2.45,0,100,Healthy
R14,81,57.14,9.72,35.11,2.26,1.79,12.15,2,0,2.365,0,100,Healthy
R14,82,57.02,18.30882196404871,52.31514682717513,3.8569329170208637,1.56,12.3,5,1,5.694,1,65,Warning
R14,83,56.74,8.82,38.45,1.02,1.39,12.45,2,0,2.394,0,100,Healthy
R14,84,56.54,6.61,32.92,2.14,1.72,12.6,1,0,2.6,0,100,Healthy
R14,85,56.32,6.6,46.05,3.16,1.38,12.75,1,0,2.024,0,100,Healthy
R14,86,56.14,6.96,41.85,2.84,1.69,12.9,3,0,2.169,0,100,Healthy
R14,87,55.94,8.05,42.65,3.73,1.72,13.05,1,0,2.139,0,100,Healthy
R14,88,55.72,9.06,35.17,1.74,1.58,13.2,0,0,2.458,0,100,Healthy
R14,89,55.52,7.54,38.97,2.16,1.74,13.35,2,0,2.225,0,100,Healthy
R14,90,55.37,15.48126656417136,57.58171551741616,4.424145038050853,1.68,13.5,4,1,4.994,0,40,Critical
R14,91,55.22,8.52,38.29,2.26,1.53,13.65,1,0,2.035,0,100,Healthy
R14,92,55.06,9.983986212465089,62.925662500844055,3.7755663148927576,1.48,13.8,6,1,4.587,0,65,Warning
R14,93,54.79,6.08,32.93,2.71,1.53,13.95,0,0,2.828,0,100,Healthy
R14,94,54.63,8.57,48.36,2.69,1.29,14.1,0,0,2.39,0,100,Healthy
R14,95,54.45,9.27,42.41,1.26,1.42,14.25,0,0,2.569,0,100,Healthy
R14,96,54.18,7.67,35.88,2.9,1.34,14.4,1,0,2.438,0,100,Healthy
R14,97,54.04,8.21,47.75,2.89,1.58,14.55,1,0,2.213,0,100,Healthy
R14,98,53.75,7.92,40.68,2.29,1.63,14.7,0,0,2.362,0,100,Healthy
R14,99,53.63,11.731712197224434,67.62090145022248,5.357990549553627,1.58,14.85,5,1,5.609,1,45,Critical
R15,0,95.84,6.83,42.8,2.2,1.31,0.0,0,0,2.95,0,100,Healthy
R15,1,95.64,8.68,45.42,1.88,1.29,0.15,1,0,2.825,0,100,Healthy
R15,2,95.37,7.11,32.25,2.99,1.91,0.3,0,0,3.557,0,100,Healthy
R15,3,95.19,7.97,40.63,2.76,1.29,0.45,0,0,2.766,0,100,Healthy
R15,4,95.03,8.27,35.09,2.81,1.31,0.6,0,0,2.949,0,100,Healthy
R15,5,94.95,4.23,45.97,2.85,1.84,0.75,1,0,3.465,0,100,Healthy
R15,6,94.66,9.7,51.21,2.4,1.59,0.9,1,0,2.795,0,100,Healthy
R15,7,94.4,7.1,44.57,1.23,1.66,1.05,0,0,2.971,0,100,Healthy
R15,8,94.14,6.04,34.23,2.22,1.22,1.2,1,0,3.166,0,100,Healthy
R15,9,93.85,15.136904729641131,54.417607149943024,6.173180023456053,1.11,1.35,8,1,6.739,1,45,Critical
R15,10,93.77,8.16,43.15,3.5,1.62,1.5,1,0,2.421,0,100,Healthy
R15,11,93.63,8.98,37.43,2.71,1.49,1.65,0,0,2.516,0,100,Healthy
R15,12,93.35,7.63,48.85,2.43,1.71,1.8,1,0,2.533,0,100,Healthy
R15,13,93.24,7.6,35.28,2.91,1.86,1.95,1,0,2.868,0,100,Healthy
R15,14,93.07,7.98,42.51,3.32,1.9,2.1,1,0,2.701,0,100,Healthy
R15,15,92.83,6.66,47.91,1.69,1.54,2.25,2,0,2.585,0,100,Healthy
R15,16,92.57,6.47,43.87,2.64,2.17,2.4,1,0,3.446,0,100,Healthy
R15,17,92.42,11.819534721162373,56.736815086175824,4.831012378944748,1.67,2.55,9,1,5.826,1,45,Critical
R15,18,92.3,8.06,45.47,2.19,1.77,2.7,0,0,2.454,0,100,Healthy
R15,19,92.08,7.99,40.8,2.84,1.21,2.85,3,0,2.492,0,100,Healthy
R15,20,91.91,7.17,46.84,1.45,1.56,3.0,1,0,2.428,0,100,Healthy
R15,21,91.65,7.77,46.48,2.8,1.22,3.15,0,0,2.407,0,100,Healthy
R15,22,91.5,5.91,38.55,2.37,1.47,3.3,1,0,2.379,0,100,Healthy
R15,23,91.28,6.76,45.34,3.73,1.36,3.45,0,0,2.447,0,100,Healthy
R15,24,91.08,6.89,47.66,2.76,1.79,3.6,1,0,2.366,0,100,Healthy
R15,25,90.89,7.6,36.23,1.75,1.08,3.75,1,0,2.828,0,100,Healthy
R15,26,90.6,7.18,33.68,2.66,1.86,3.9,1,0,2.73,0,100,Healthy
R15,27,90.45,14.2569421089263,55.00648157781805,3.523959509132319,1.82,4.05,6,1,4.802,0,45,Critical
R15,28,90.32,7.63,41.44,3.25,1.57,4.2,1,0,1.859,0,100,Healthy
R15,29,90.11,6.81,40.28,3.03,1.61,4.35,1,0,1.973,0,100,Healthy
R15,30,90.01,8.14,38.35,2.19,1.57,4.5,2,0,1.917,0,100,Healthy
R15,31,89.71,7.67,37.18,4.3,1.54,4.65,2,1,2.432,0,80,Healthy
R15,32,89.46,7.450603893595419,49.05476695005624,5.365103330441225,0.82,4.8,9,1,5.942,1,65,Warning
R15,33,89.23,8.68,46.97,3.35,2.0,4.95,2,0,2.636,0,100,Healthy
R15,34,88.97,6.17,39.34,2.36,1.76,5.1,1,0,2.232,0,100,Healthy
R15,35,88.92,6.87,41.95,1.92,1.73,5.25,1,0,2.052,0,100,Healthy
R15,36,88.8,7.38,44.08,2.96,1.56,5.4,2,0,1.648,0,100,Healthy
R15,37,88.68,8.38,44.87,3.48,1.8,5.55,1,0,2.022,0,100,Healthy
R15,38,88.44,7.64,51.97,2.3,1.68,5.7,0,0,2.286,0,100,Healthy
R15,39,88.17,8.09,49.2,2.27,1.4,5.85,1,0,1.798,0,100,Healthy
R15,40,87.91,9.51,39.33,1.78,1.39,6.0,0,0,2.005,0,100,Healthy
R15,41,87.76,7.74,43.67,2.38,1.48,6.15,1,0,1.453,0,100,Healthy
R15,42,87.58,7.7,41.34,1.0,1.45,6.3,2,0,2.165,0,100,Healthy
R15,43,87.35,7.59,45.65,3.52,1.12,6.45,1,0,2.215,0,100,Healthy
R15,44,87.2,10.0,39.62,2.16,1.43,6.6,0,0,1.859,0,100,Healthy
R15,45,87.05,9.26,32.79,2.67,1.72,6.75,2,0,2.262,0,100,Healthy
R15,46,86.92,9.46,44.66,2.07,1.8,6.9,2,0,1.922,0,100,Healthy
R15,47,86.87,6.92,39.93,2.7,1.45,7.05,0,0,1.736,0,100,Healthy
R15,48,86.76,13.672060802198677,50.762149902350245,2.801303463877041,1.55,7.2,3,1,3.193,0,80,Healthy
R15,49,86.65,5.88,42.1,2.46,1.66,7.35,0,0,2.03,0,100,Healthy
R15,50,86.42,9.41,35.44,2.88,1.08,7.5,2,0,2.444,0,100,Healthy
R15,51,86.29,8.94,41.67,2.49,1.22,7.65,0,0,1.853,0,100,Healthy
R15,52,86.15,8.46,37.04,3.43,1.08,7.8,1,0,2.355,0,100,Healthy
R15,53,85.93,6.4,39.94,1.99,1.46,7.95,1,0,1.778,0,100,Healthy
R15,54,85.8,11.32,40.74,1.15,1.87,8.1,0,0,2.857,0,100,Healthy
R15,55,85.56,6.88,45.37,2.33,1.02,8.25,1,0,2.406,0,100,Healthy
R15,56,85.36,9.62,46.55,1.79,1.2,8.4,1,0,2.029,0,100,Healthy
R15,57,85.06,7.49,43.99,2.18,1.42,8.55,2,0,1.426,0,100,Healthy
R15,58,84.96,8.24,29.39,2.8,1.6,8.7,2,0,2.452,0,100,Healthy
R15,59,84.88,6.12,44.04,3.87,1.25,8.85,0,0,2.319,0,100,Healthy
R15,60,84.82,7.09,38.45,2.59,1.23,9.0,2,0,1.891,0,100,Healthy
R15,61,84.63,9.19,46.69,3.08,1.59,9.15,2,0,1.459,0,100,Healthy
R15,62,84.42,9.29,41.57,2.41,1.12,9.3,0,0,2.111,0,100,Healthy
R15,63,84.27,7.44,36.51,2.19,1.4,9.45,0,0,1.894,0,100,Healthy
R15,64,84.09,6.27,43.81,1.94,1.77,9.6,2,0,2.044,0,100,Healthy
R15,65,83.84,7.31,46.36,2.86,1.45,9.75,0,0,1.597,0,100,Healthy
R15,66,83.78,9.67,40.94,2.52,1.51,9.9,1,0,1.38,0,100,Healthy
R15,67,83.58,14.30272158118984,54.36601691237553,7.341997076943083,1.56,10.05,6,1,6.157,1,45,Critical
R15,68,83.31,7.31,46.83,2.77,1.89,10.2,0,0,2.202,0,100,Healthy
R15,69,83.12,9.41,39.12,2.71,1.55,10.35,0,0,1.616,0,100,Healthy
R15,70,82.87,8.05,41.15,1.34,1.25,10.5,4,0,2.52,0,100,Healthy
R15,71,82.66,7.96,47.82,2.1,1.38,10.65,0,0,1.773,0,100,Healthy
R15,72,82.43,7.65,39.77,2.87,1.05,10.8,1,0,2.249,0,100,Healthy
R15,73,82.37,8.0,36.66,1.62,1.25,10.95,0,0,2.261,0,100,Healthy
R15,74,82.1,7.13,43.83,1.94,1.94,11.1,3,0,2.484,0,100,Healthy
R15,75,81.94,6.46,44.24,2.74,1.59,11.25,0,0,1.795,0,100,Healthy
R15,76,81.86,7.97,39.99,3.04,1.23,11.4,1,0,1.783,0,100,Healthy
R15,77,81.77,6.56,39.87,2.23,1.84,11.55,0,0,2.288,0,100,Healthy
R15,78,81.6,16.38348523414787,58.516957139810394,2.642116075158713,1.28,11.7,7,1,5.73,1,45,Critical
R15,79,81.54,9.06,44.58,2.82,1.72,11.85,4,0,2.199,0,100,Healthy
R15,80,81.41,8.26,35.12,3.23,1.47,12.0,0,0,2.045,0,100,Healthy
R15,81,81.3,7.56,43.15,1.81,1.11,12.15,1,0,2.272,0,100,Healthy
R15,82,81.03,8.99,41.48,1.27,1.44,12.3,0,0,2.12,0,100,Healthy
R15,83,80.98,6.83,42.4,3.5,1.07,12.45,0,0,2.575,0,100,Healthy
R15,84,80.89,7.54,45.7,2.38,1.6,12.6,1,0,1.642,0,100,Healthy
R15,85,80.78,8.19,49.69,2.41,1.69,12.75,3,0,2.148,0,100,Healthy
R15,86,80.64,8.64,35.75,3.5,1.04,12.9,2,0,2.727,0,100,Healthy
R15,87,80.58,8.49,49.88,1.2,1.37,13.05,1,0,2.374,0,100,Healthy
R15,88,80.34,9.25,42.61,1.4,1.57,13.2,2,0,2.045,0,100,Healthy
R15,89,80.13,13.541176656957255,52.62260316470977,5.759104110235831,1.41,13.35,5,1,4.801,0,45,Critical
R15,90,79.99,7.4,38.19,3.32,1.17,13.5,2,0,2.343,0,100,Healthy
R15,91,79.73,6.77,41.14,2.92,1.52,13.65,2,0,1.874,0,100,Healthy
R15,92,79.45,5.79,38.08,2.22,1.01,13.8,1,0,2.975,0,100,Healthy
R15,93,79.16,9.18,40.75,2.65,1.16,13.95,0,0,2.316,0,100,Healthy
R15,94,78.92,10.22,47.95,2.36,1.4,14.1,1,0,2.095,0,100,Healthy
R15,95,78.72,5.95,43.86,2.1,1.4,14.25,2,0,2.233,0,100,Healthy
R15,96,78.62,8.45,44.86,1.8,1.93,14.4,0,0,2.663,0,100,Healthy
R15,97,78.33,7.23,46.82,2.82,1.65,14.55,0,0,2.16,0,100,Healthy
R15,98,78.17,7.97,41.91,1.83,1.73,14.7,2,0,2.197,0,100,Healthy
R15,99,78.0,8.7,45.06,2.0,1.81,14.85,1,0,2.294,0,100,Healthy
R16,0,98.3,7.78,43.69,4.1,1.32,0.0,0,1,3.22,0,80,Healthy
R16,1,98.19,9.47,38.46,1.9,1.56,0.15,3,0,3.085,0,100,Healthy
R16,2,98.09,10.59,40.1,2.24,1.36,0.3,1,0,2.998,0,100,Healthy
R16,3,98.01,9.12,50.41,2.37,1.32,0.45,0,0,3.092,0,100,Healthy
R16,4,97.86,8.95,52.69,2.02,1.2,0.6,3,0,3.422,0,100,Healthy
R16,5,97.72,9.05,40.44,3.38,1.78,0.75,0,0,3.015,0,100,Healthy
R16,6,97.52,6.83,41.81,2.9,1.42,0.9,1,0,2.717,0,100,Healthy
R16,7,97.45,9.2,47.27,2.65,2.1,1.05,1,0,3.513,0,100,Healthy
R16,8,97.35,8.15,45.18,2.15,1.03,1.2,1,0,3.18,0,100,Healthy
R16,9,97.22,6.6,47.68,2.23,1.58,1.35,1,0,2.785,0,100,Healthy
R16,10,97.17,8.22,46.46,1.64,1.33,1.5,1,0,2.791,0,100,Healthy
R16,11,96.87,7.46,27.49,2.04,1.58,1.65,0,0,3.583,0,100,Healthy
R16,12,96.8,9.8,41.61,1.03,1.45,1.8,0,0,3.045,0,100,Healthy
R16,13,96.61,8.88,34.69,2.4,1.13,1.95,3,0,3.217,0,100,Healthy
R16,14,96.32,9.35,45.38,2.64,1.88,2.1,2,0,2.825,0,100,Healthy
R16,15,96.13,9.57,42.68,2.46,1.57,2.25,1,0,2.393,0,100,Healthy
R16,16,95.88,7.51,41.43,3.4,1.1,2.4,0,0,2.979,0,100,Healthy
R16,17,95.6,6.8,48.1,3.52,1.34,2.55,2,0,2.701,0,100,Healthy
R16,18,95.43,6.0,38.71,3.03,1.69,2.7,0,0,2.81,0,100,Healthy
R16,19,95.36,7.96,40.91,2.61,1.49,2.85,1,0,2.227,0,100,Healthy
R16,20,95.09,11.04,40.86,2.34,1.3,3.0,2,0,2.674,0,100,Healthy
R16,21,94.88,7.7,44.23,2.91,1.5,3.15,0,0,2.29,0,100,Healthy
R16,22,94.65,9.87,46.96,1.56,1.23,3.3,1,0,2.73,0,100,Healthy
R16,23,94.49,7.92,44.24,1.58,1.6,3.45,2,0,2.382,0,100,Healthy
R16,24,94.22,8.55,35.86,2.41,1.59,3.6,0,0,2.467,0,100,Healthy
R16,25,94.12,9.75,42.01,2.8,1.27,3.75,0,0,2.417,0,100,Healthy
R16,26,93.98,7.5,52.31,2.22,1.59,3.9,1,0,2.535,0,100,Healthy
R16,27,93.89,9.11,44.03,1.93,1.21,4.05,1,0,2.41,0,100,Healthy
R16,28,93.63,7.37,44.02,3.57,1.45,4.2,0,0,2.296,0,100,Healthy
R16,29,93.42,8.16,39.29,2.7,1.43,4.35,0,0,2.15,0,100,Healthy
R16,30,93.3,6.03,35.47,2.84,1.44,4.5,1,0,2.524,0,100,Healthy
R16,31,93.08,15.395509073855672,55.86220678034276,4.9267076344932175,1.06,4.65,7,1,5.988,1,25,Critical
R16,32,92.91,8.78,38.24,2.9,1.48,4.8,0,0,2.128,0,100,Healthy
R16,33,92.69,8.21,44.33,2.59,1.54,4.95,0,0,1.97,0,100,Healthy
R16,34,92.49,8.15,35.95,3.03,1.29,5.1,1,0,2.276,0,100,Healthy
R16,35,92.37,8.99,43.68,2.63,1.26,5.25,1,0,2.021,0,100,Healthy
R16,36,92.08,6.62,40.92,3.88,1.41,5.4,2,0,2.307,0,100,Healthy
R16,37,91.96,6.09,44.0,2.48,1.65,5.55,0,0,2.274,0,100,Healthy
R16,38,91.87,8.8,39.45,3.03,1.55,5.7,0,0,1.974,0,100,Healthy
R16,39,91.79,8.0,40.9,3.01,1.41,5.85,1,0,1.794,0,100,Healthy
R16,40,91.53,7.03,39.7,2.38,1.12,6.0,1,0,2.413,0,100,Healthy
R16,41,91.44,7.13,46.92,1.96,1.32,6.15,0,0,2.234,0,100,Healthy
R16,42,91.25,9.88,46.01,1.68,1.75,6.3,0,0,2.382,0,100,Healthy
R16,43,91.03,6.6,38.95,1.51,1.3,6.45,0,0,2.489,0,100,Healthy
R16,44,90.77,7.52,44.52,2.56,1.46,6.6,0,0,1.827,0,100,Healthy
R16,45,90.63,8.71,44.85,2.07,1.22,6.75,0,0,2.157,0,100,Healthy
R16,46,90.56,9.87,43.23,2.78,1.61,6.9,0,0,1.9,0,100,Healthy
R16,47,90.46,6.56,49.5,2.22,1.71,7.05,1,0,2.24,0,100,Healthy
R16,48,90.28,7.62,48.95,2.72,1.49,7.2,1,0,1.817,0,100,Healthy
R16,49,90.22,8.52,46.97,2.34,1.49,7.35,1,0,1.671,0,100,Healthy
R16,50,90.17,6.56,44.24,2.88,1.23,7.5,0,0,2.214,0,100,Healthy
R16,51,90.04,8.31,36.4,3.38,1.73,7.65,0,0,2.25,0,100,Healthy
R16,52,89.97,7.84,38.11,2.19,1.43,7.8,2,0,1.832,0,100,Healthy
R16,53,89.7,6.66,41.79,3.18,1.19,7.95,1,0,2.171,0,100,Healthy
R16,54,89.48,9.03,43.55,3.48,1.61,8.1,0,0,1.873,0,100,Healthy
R16,55,89.26,7.72,46.07,3.01,1.72,8.25,0,0,1.951,0,100,Healthy
R16,56,89.07,7.93,42.24,2.67,1.26,8.4,0,0,1.912,0,100,Healthy
R16,57,89.01,5.31,46.16,2.61,1.57,8.55,1,0,2.175,0,100,Healthy
R16,58,88.89,13.7866857882362,55.54282131327177,5.896711246751156,1.53,8.7,8,1,5.933,1,25,Critical
R16,59,88.73,7.32,51.01,3.92,1.96,8.85,0,0,2.97,0,100,Healthy
R16,60,88.57,5.19,38.93,2.36,1.83,9.0,4,0,2.98,0,100,Healthy
R16,61,88.51,6.93,37.2,2.68,1.67,9.15,0,0,2.106,0,100,Healthy
R16,62,88.42,8.47,36.83,2.96,1.61,9.3,1,0,1.809,0,100,Healthy
R16,63,88.3,12.621767018798794,55.595614195138566,6.177963440178419,1.7,9.45,4,1,4.802,0,40,Critical
R16,64,88.24,8.08,38.36,1.86,1.68,9.6,2,0,1.97,0,100,Healthy
R16,65,88.0,10.01,37.5,1.79,1.06,9.75,0,0,2.774,0,100,Healthy
R16,66,87.9,8.63,43.22,1.66,1.4,9.9,0,0,1.954,0,100,Healthy
R16,67,87.74,6.82,38.15,3.5,1.55,10.05,0,0,2.12,0,100,Healthy
R16,68,87.54,9.43,48.51,1.1,1.32,10.2,2,0,2.429,0,100,Healthy
R16,69,87.46,7.28,42.55,3.34,1.31,10.35,0,0,1.999,0,100,Healthy
R16,70,87.22,6.98,46.09,3.15,1.71,10.5,1,0,1.929,0,100,Healthy
R16,71,87.04,8.26,45.27,2.87,1.27,10.65,1,0,1.784,0,100,Healthy
R16,72,86.81,9.63,42.32,3.04,1.87,10.8,0,0,2.285,0,100,Healthy
R16,73,86.55,5.95,41.58,3.08,1.74,10.95,0,0,2.293,0,100,Healthy
R16,74,86.28,8.61,39.29,1.12,1.38,11.1,0,0,2.353,0,100,Healthy
R16,75,86.19,15.950707991143178,69.47926836637694,6.4001632666647135,1.45,11.25,8,1,7.584,1,25,Critical
R16,76,86.0,8.33,44.83,2.68,1.81,11.4,0,0,2.081,0,100,Healthy
R16,77,85.89,9.31,34.63,2.12,1.32,11.55,1,0,2.24,0,100,Healthy
R16,78,85.69,8.17,43.19,3.12,1.95,11.7,1,0,2.355,0,100,Healthy
R16,79,85.42,7.59,40.94,2.0,1.64,11.85,1,0,1.843,0,100,Healthy
R16,80,85.34,9.19,44.3,3.14,1.42,12.0,0,0,1.855,0,100,Healthy
R16,81,85.2,8.43,36.8,3.79,1.17,12.15,2,0,2.501,0,100,Healthy
R16,82,84.92,10.335686229675877,46.388928262987555,5.632530268168353,1.88,12.3,7,1,4.823,0,65,Warning
R16,83,84.78,5.05,37.1,2.42,1.9,12.45,2,0,2.946,0,100,Healthy
R16,84,84.66,13.656116515637525,55.98494112787368,2.339789959311161,1.33,12.6,5,1,4.195,0,45,Critical
R16,85,84.57,8.68,41.46,2.45,1.83,12.75,1,0,2.112,0,100,Healthy
R16,86,84.38,8.18,40.33,2.13,1.66,12.9,0,0,2.044,0,100,Healthy
R16,87,84.21,6.09,45.61,1.35,1.69,13.05,0,0,2.637,0,100,Healthy
R16,88,84.16,8.15,41.15,2.44,1.63,13.2,1,0,1.827,0,100,Healthy
R16,89,83.97,8.39,36.82,1.9,1.43,13.35,0,0,2.261,0,100,Healthy
R16,90,83.88,6.57,32.83,3.21,1.18,13.5,2,0,2.878,0,100,Healthy
R16,91,83.76,12.167996773718201,61.004122526274486,3.7240976349048367,1.46,13.65,8,1,5.361,1,45,Critical
R16,92,83.48,6.15,42.47,3.19,1.44,13.8,1,0,2.176,0,100,Healthy
R16,93,83.37,8.6,48.06,1.45,1.46,13.95,0,0,2.41,0,100,Healthy
R16,94,83.08,5.03,44.51,3.56,1.53,14.1,0,0,2.71,0,100,Healthy
R16,95,82.99,10.12,46.55,2.95,1.59,14.25,1,0,2.131,0,100,Healthy
R16,96,82.7,10.4,36.73,2.89,2.0,14.4,0,0,3.106,0,100,Healthy
R16,97,82.46,8.29,48.85,1.79,1.49,14.55,0,0,2.376,0,100,Healthy
R16,98,82.33,8.29,41.5,2.95,1.79,14.7,1,0,2.247,0,100,Healthy
R16,99,82.03,7.0,40.67,3.25,1.5,14.85,1,0,2.162,0,100,Healthy
R17,0,93.06,8.33,47.15,3.4,1.58,0.0,5,1,3.32,0,85,Healthy
R17,1,92.8,5.07,41.98,2.1,1.54,0.15,2,0,2.987,0,100,Healthy
R17,2,92.64,7.87,45.36,1.91,1.0,0.3,1,0,3.196,0,100,Healthy
R17,3,92.39,9.58,41.01,1.06,1.61,0.45,2,0,2.907,0,100,Healthy
R17,4,92.33,7.36,37.9,3.17,1.2,0.6,0,0,2.895,0,100,Healthy
R17,5,92.09,6.93,36.48,1.46,1.54,0.75,1,0,2.844,0,100,Healthy
R17,6,91.93,8.42,47.25,2.05,1.08,0.9,3,0,3.052,0,100,Healthy
R17,7,91.63,11.770973397525534,62.655115963051486,8.66919855465231,1.37,1.05,8,1,7.838,1,45,Critical
R17,8,91.45,15.098800779461056,55.286194606017744,3.420382285620767,1.65,1.2,7,1,5.414,1,45,Critical
R17,9,91.17,8.82,40.69,2.2,1.49,1.35,2,0,2.237,0,100,Healthy
R17,10,91.09,8.71,41.22,3.03,1.6,1.5,0,0,2.298,0,100,Healthy
R17,11,91.03,7.82,44.53,2.24,1.4,1.65,1,0,2.188,0,100,Healthy
R17,12,90.8,9.2,44.0,0.86,1.77,1.8,4,0,3.238,0,100,Healthy
R17,13,90.61,7.34,39.4,1.9,1.23,1.95,0,0,2.623,0,100,Healthy
R17,14,90.46,8.51,51.94,3.94,1.29,2.1,1,0,2.781,0,100,Healthy
R17,15,90.25,10.27,37.17,2.67,1.18,2.25,3,0,2.788,0,100,Healthy
R17,16,89.95,7.36,42.46,1.39,1.65,2.4,0,0,2.503,0,100,Healthy
R17,17,89.69,9.04,38.72,1.87,1.35,2.55,1,0,2.23,0,100,Healthy
R17,18,89.49,9.36,52.3,2.68,1.65,2.7,1,0,2.414,0,100,Healthy
R17,19,89.39,8.75,42.31,3.31,1.61,2.85,3,0,2.144,0,100,Healthy
R17,20,89.3,19.41448804468475,55.86919293410637,4.861695252097477,1.48,3.0,8,1,7.288,1,25,Critical
R17,21,89.2,6.74,39.71,2.39,1.4,3.15,1,0,2.07,0,100,Healthy
R17,22,89.08,8.74,38.63,3.12,1.85,3.3,1,0,2.329,0,100,Healthy
R17,23,88.79,7.39,38.99,1.88,1.51,3.45,1,0,2.027,0,100,Healthy
R17,24,88.61,8.6,32.04,2.25,1.53,3.6,0,0,2.522,0,100,Healthy
R17,25,88.42,8.29,35.79,1.84,1.66,3.75,1,0,2.22,0,100,Healthy
R17,26,88.21,10.12,36.94,1.94,1.13,3.9,0,0,2.696,0,100,Healthy
R17,27,88.14,8.1,42.22,3.56,1.69,4.05,1,0,1.921,0,100,Healthy
R17,28,88.08,7.79,41.27,4.14,1.74,4.2,1,1,2.287,0,80,Healthy
R17,29,87.95,12.54525242828207,54.3766049580194,5.1282251697346455,1.17,4.35,9,1,5.875,1,45,Critical
R17,30,87.8,7.47,44.71,3.12,1.7,4.5,1,0,1.81,0,100,Healthy
R17,31,87.63,7.92,41.61,3.34,1.5,4.65,0,0,1.79,0,100,Healthy
R17,32,87.35,7.49,47.23,2.58,1.31,4.8,3,0,2.023,0,100,Healthy
R17,33,87.21,11.5,44.39,2.51,1.83,4.95,3,0,2.583,0,100,Healthy
R17,34,86.95,6.85,44.53,2.47,1.37,5.1,0,0,1.856,0,100,Healthy
R17,35,86.73,7.49,47.14,2.72,1.49,5.25,2,0,1.592,0,100,Healthy
R17,36,86.62,9.94,38.7,2.28,1.36,5.4,0,0,1.946,0,100,Healthy
R17,37,86.46,8.58,42.99,3.04,1.24,5.55,2,0,1.728,0,100,Healthy
R17,38,86.39,8.55,38.03,3.14,1.8,5.7,0,0,2.081,0,100,Healthy
R17,39,86.3,7.36,55.16,2.2,1.92,5.85,0,1,2.946,0,80,Healthy
R17,40,86.17,7.18,37.77,2.31,1.32,6.0,0,0,1.961,0,100,Healthy
R17,41,86.08,7.02,47.79,3.36,1.74,6.15,2,0,1.963,0,100,Healthy
R17,42,85.84,7.4,37.23,2.75,1.21,6.3,1,0,1.971,0,100,Healthy
R17,43,85.66,7.14,50.69,2.79,1.63,6.45,0,0,1.995,0,100,Healthy
R17,44,85.45,8.4,34.35,1.38,1.32,6.6,0,0,2.404,0,100,Healthy
R17,45,85.27,8.15,37.03,1.9,1.82,6.75,0,0,2.203,0,100,Healthy
R17,46,85.09,12.324343336003414,47.829760494466214,6.507446395404021,1.78,6.9,6,1,5.084,0,45,Critical
R17,47,84.81,8.03,45.82,2.23,1.03,7.05,0,0,2.37,0,100,Healthy
R17,48,84.6,6.85,42.0,2.43,1.15,7.2,2,0,1.977,0,100,Healthy
R17,49,84.46,8.650869497335767,64.92996478790629,3.969545235269541,1.54,7.35,8,1,5.26,1,65,Warning
R17,50,84.33,8.12,32.15,2.33,1.76,7.5,2,0,2.282,0,100,Healthy
R17,51,84.18,9.25,39.76,2.44,1.45,7.65,2,0,1.327,0,100,Healthy
R17,52,84.0,7.63,35.27,3.16,1.5,7.8,0,0,1.86,0,100,Healthy
R17,53,83.73,6.75,37.66,1.43,1.18,7.95,1,0,2.339,0,100,Healthy
R17,54,83.53,16.51744239721083,53.127050924846756,5.763750992683487,1.84,8.1,4,1,5.536,1,60,Warning
R17,55,83.47,13.496914423604856,66.59927676575305,7.608214310614351,1.54,8.25,9,1,7.7,1,25,Critical
R17,56,83.38,7.42,50.15,1.21,1.37,8.4,1,0,2.165,0,100,Healthy
R17,57,83.18,6.63,38.41,2.64,1.18,8.55,1,0,1.99,0,100,Healthy
R17,58,83.12,7.42,30.91,1.91,1.18,8.7,2,0,2.652,0,100,Healthy
R17,59,82.86,7.66,40.15,2.44,1.71,8.85,0,0,1.63,0,100,Healthy
R17,60,82.57,8.4,44.5,2.85,1.72,9.0,2,0,1.377,0,100,Healthy
R17,61,82.33,6.97,36.07,2.63,1.04,9.15,2,0,2.463,0,100,Healthy
R17,62,82.09,7.76,47.61,3.47,1.33,9.3,2,0,1.635,0,100,Healthy
R17,63,81.81,9.54,32.55,2.21,1.61,9.45,3,0,2.259,0,100,Healthy
R17,64,81.66,7.42,36.45,3.03,1.81,9.6,1,0,1.957,0,100,Healthy
R17,65,81.4,7.6,34.36,2.72,1.22,9.75,0,0,2.185,0,100,Healthy
R17,66,81.26,7.45,41.86,2.69,1.35,9.9,2,0,1.336,0,100,Healthy
R17,67,81.21,7.05,43.13,3.87,1.58,10.05,0,0,1.836,0,100,Healthy
R17,68,81.05,15.282586026062551,58.56089005206794,4.159899713074012,1.08,10.2,6,1,5.382,1,25,Critical
R17,69,80.77,7.71,38.18,1.82,1.68,10.35,1,0,1.724,0,100,Healthy
R17,70,80.71,9.69,43.23,3.16,1.07,10.5,2,0,2.157,0,100,Healthy
R17,71,80.47,8.08,39.0,3.05,1.48,10.65,0,0,1.511,0,100,Healthy
R17,72,80.36,6.23,39.45,3.27,1.54,10.8,1,0,1.734,0,100,Healthy
R17,73,80.17,8.849343608550633,50.03530652932283,4.537767009519625,1.03,10.95,6,1,3.942,0,65,Warning
R17,74,80.03,8.59,44.19,2.29,1.03,11.1,1,0,2.211,0,100,Healthy
R17,75,79.75,16.925413616506102,56.148695203580836,7.613754205048926,2.04,11.25,7,1,7.578,1,25,Critical
R17,76,79.62,9.63,42.83,2.94,1.35,11.4,1,0,1.457,0,100,Healthy
R17,77,79.38,8.04,37.53,2.37,1.36,11.55,1,0,1.615,0,100,Healthy
R17,78,79.23,6.24,40.1,2.93,1.49,11.7,1,0,1.699,0,100,Healthy
R17,79,79.17,8.06,45.74,3.55,1.55,11.85,0,0,1.713,0,100,Healthy
R17,80,79.0,8.03,42.36,2.95,1.32,12.0,0,0,1.663,0,100,Healthy
R17,81,78.94,7.48,34.61,0.9,1.22,12.15,1,0,2.761,0,100,Healthy
R17,82,78.88,13.944757790103257,46.77997716602099,5.313834233818761,1.5,12.3,3,1,3.98,0,60,Warning
R17,83,78.73,11.790721086921732,62.227776784877044,8.61003513287619,0.98,12.45,7,1,7.578,1,45,Critical
R17,84,78.65,10.01,41.64,2.37,1.26,12.6,0,0,2.009,0,100,Healthy
R17,85,78.59,5.73,41.2,2.73,1.77,12.75,1,0,2.2,0,100,Healthy
R17,86,78.42,9.51,48.26,2.82,1.66,12.9,1,0,1.809,0,100,Healthy
R17,87,78.2,4.38,49.89,3.06,2.0,13.05,2,0,3.309,0,100,Healthy
R17,88,77.99,10.39,43.08,1.4,1.42,13.2,0,0,2.273,0,100,Healthy
R17,89,77.8,8.47,42.37,1.63,1.09,13.35,0,0,2.529,0,100,Healthy
R17,90,77.73,11.444858199757551,61.64747077873765,7.876039657769035,1.73,13.5,5,1,6.371,1,45,Critical
R17,91,77.61,7.69,39.51,2.54,1.61,13.65,1,0,1.746,0,100,Healthy
R17,92,77.44,8.47,41.19,2.64,1.55,13.8,2,0,1.648,0,100,Healthy
R17,93,77.25,7.94,49.27,2.8,1.23,13.95,0,0,2.286,0,100,Healthy
R17,94,76.96,6.83,38.29,3.2,1.72,14.1,1,0,2.18,0,100,Healthy
R17,95,76.89,6.11,43.86,1.72,1.43,14.25,1,0,2.236,0,100,Healthy
R17,96,76.79,8.34,34.85,2.03,1.76,14.4,0,0,2.531,0,100,Healthy
R17,97,76.62,7.03,45.6,2.14,1.63,14.55,0,0,2.158,0,100,Healthy
R17,98,76.49,8.29,41.51,2.98,1.72,14.7,0,0,2.113,0,100,Healthy
R17,99,76.21,7.57,43.74,2.23,1.66,14.85,0,0,2.117,0,100,Healthy
R18,0,79.2,7.66,38.85,1.89,1.67,0.0,0,0,2.355,0,100,Healthy
R18,1,79.08,7.02,38.15,2.72,1.17,0.15,0,0,2.57,0,100,Healthy
R18,2,78.82,7.82,35.32,2.49,1.42,0.3,0,0,2.319,0,100,Healthy
R18,3,78.53,7.94,49.36,2.62,1.3,0.45,1,0,2.153,0,100,Healthy
R18,4,78.34,8.68,45.32,2.69,1.55,0.6,2,0,1.773,0,100,Healthy
R18,5,78.09,6.83,37.52,3.01,1.26,0.75,0,0,2.377,0,100,Healthy
R18,6,77.85,6.71,46.16,2.99,1.16,0.9,4,0,2.758,0,100,Healthy
R18,7,77.57,9.71,41.37,2.31,1.26,1.05,0,0,2.131,0,100,Healthy
R18,8,77.45,8.26,40.65,2.73,1.2,1.2,0,0,2.122,0,100,Healthy
R18,9,77.34,10.6,41.17,2.45,1.48,1.35,0,0,2.019,0,100,Healthy
R18,10,77.04,9.86,33.93,2.46,1.09,1.5,0,0,2.794,0,100,Healthy
R18,11,76.99,5.14,38.33,2.79,1.3,1.65,2,0,2.433,0,100,Healthy
R18,12,76.69,7.83,48.32,2.08,1.6,1.8,1,0,1.777,0,100,Healthy
R18,13,76.6,6.75,40.96,2.22,1.96,1.95,1,0,2.448,0,100,Healthy
R18,14,76.52,8.3,42.21,2.3,1.37,2.1,1,0,1.489,0,100,Healthy
R18,15,76.25,5.01,45.3,1.72,1.24,2.25,0,0,2.647,0,100,Healthy
R18,16,75.98,9.1,48.05,2.05,1.7,2.4,1,0,1.784,0,100,Healthy
R18,17,75.73,9.24,35.12,2.33,1.74,2.55,0,0,2.15,0,100,Healthy
R18,18,75.55,13.845777427028484,52.584304935146186,3.925345582286204,1.66,2.7,8,1,5.091,0,65,Warning
R18,19,75.48,8.35,41.15,2.94,1.24,2.85,2,0,1.613,0,100,Healthy
R18,20,75.2,10.2,44.47,1.82,1.56,3.0,1,0,1.644,0,100,Healthy
R18,21,75.08,8.54,47.91,2.54,1.81,3.15,1,0,1.765,0,100,Healthy
R18,22,75.02,11.018040918236528,58.76010792237322,5.093413783299495,1.55,3.3,7,1,4.834,0,45,Critical
R18,23,74.77,8.34,42.8,1.61,1.45,3.45,0,0,1.623,0,100,Healthy
R18,24,74.66,8.22,36.38,1.27,1.78,3.6,1,0,2.221,0,100,Healthy
R18,25,74.37,9.475162854799372,55.06073862946891,5.602393025993362,1.69,3.75,5,1,4.05,0,45,Critical
R18,26,74.25,7.93,41.61,2.64,1.47,3.9,0,0,1.217,0,100,Healthy
R18,27,74.09,9.13,42.38,2.38,1.31,4.05,1,0,1.231,0,100,Healthy
R18,28,73.97,8.84,42.63,1.49,1.52,4.2,3,0,1.676,0,100,Healthy
R18,29,73.87,6.0,46.95,1.89,1.25,4.35,1,0,1.981,0,100,Healthy
R18,30,73.82,7.24,40.2,1.62,1.59,4.5,0,0,1.67,0,100,Healthy
R18,31,73.55,8.97,41.27,0.73,1.49,4.65,1,0,2.009,0,100,Healthy
R18,32,73.48,7.78,52.86,3.51,1.08,4.8,4,0,2.871,0,100,Healthy
R18,33,73.24,6.99,38.62,2.1,1.7,4.95,0,0,1.683,0,100,Healthy
R18,34,73.13,5.85,47.04,3.39,1.42,5.1,1,0,1.685,0,100,Healthy
R18,35,72.94,7.08,46.85,2.96,0.88,5.25,0,0,2.756,0,100,Healthy
R18,36,72.88,8.45,36.84,2.09,1.44,5.4,0,0,1.468,0,100,Healthy
R18,37,72.61,9.87,36.79,1.52,1.61,5.55,2,0,1.771,0,100,Healthy
R18,38,72.45,8.02,44.65,3.64,1.46,5.7,2,0,1.098,0,100,Healthy
R18,39,72.2,8.27,34.78,2.15,1.24,5.85,1,0,1.775,0,100,Healthy
R18,40,72.0,6.84,43.18,2.97,1.03,6.0,0,0,2.188,0,100,Healthy
R18,41,71.75,7.77,35.3,1.9,1.74,6.15,0,0,1.903,0,100,Healthy
R18,42,71.56,12.313253560205036,57.08574488201384,4.663082874780816,1.48,6.3,5,1,3.958,0,25,Critical
R18,43,71.27,8.79,43.57,3.24,1.72,6.45,0,0,1.275,0,100,Healthy
R18,44,71.14,7.16,46.88,1.4,1.6,6.6,1,0,1.553,0,100,Healthy
R18,45,70.88,6.53,44.01,1.26,1.59,6.75,0,0,1.848,0,100,Healthy
R18,46,70.75,8.07,41.14,3.52,1.18,6.9,0,0,1.703,0,100,Healthy
R18,47,70.53,9.1,47.53,2.73,1.3,7.05,0,0,1.334,0,100,Healthy
R18,48,70.47,6.17,32.24,3.8,1.43,7.2,0,0,2.389,0,100,Healthy
R18,49,70.34,8.2,40.03,1.16,1.72,7.35,2,0,1.771,0,100,Healthy
R18,50,70.16,9.7,48.04,1.98,1.39,7.5,0,0,1.472,0,100,Healthy
R18,51,69.95,7.71,47.0,2.86,1.33,7.65,4,0,1.783,0,100,Healthy
R18,52,69.88,8.32,39.43,2.5,1.31,7.8,1,0,0.99,0,100,Healthy
R18,53,69.61,7.44,36.79,3.2,1.64,7.95,2,0,1.348,0,100,Healthy
R18,54,69.41,11.733635856892363,54.27689522536353,5.348504905891495,1.35,8.1,8,1,5.088,0,65,Warning
R18,55,69.22,6.28,30.41,1.68,1.96,8.25,0,0,3.09,0,100,Healthy
R18,56,69.05,8.94,46.62,1.65,2.12,8.4,4,0,3.049,0,100,Healthy
R18,57,68.89,7.66,46.79,2.17,1.34,8.55,1,0,1.112,0,100,Healthy
R18,58,68.59,9.03,28.16,4.4,1.88,8.7,1,1,3.174,0,80,Healthy
R18,59,68.54,6.87,45.28,2.55,1.06,8.85,0,0,2.101,0,100,Healthy
R18,60,68.29,9.84,40.02,2.18,1.88,9.0,1,0,1.799,0,100,Healthy
R18,61,68.02,9.56,41.6,2.65,1.48,9.15,0,0,1.062,0,100,Healthy
R18,62,67.95,9.48,40.71,3.4,1.47,9.3,1,0,1.041,0,100,Healthy
R18,63,67.67,8.0,32.31,1.65,1.43,9.45,0,0,2.161,0,100,Healthy
R18,64,67.57,7.33,39.35,3.51,1.49,9.6,2,0,1.274,0,100,Healthy
R18,65,67.35,10.711064796628081,66.52643097101723,4.458652512851096,1.55,9.75,5,1,4.606,0,45,Critical
R18,66,67.1,8.85,44.91,2.5,1.45,9.9,1,0,0.786,0,100,Healthy
R18,67,66.89,10.56,40.32,2.28,1.41,10.05,0,0,1.592,0,100,Healthy
R18,68,66.78,11.01123445189538,49.885363875782446,3.592049752143588,1.99,10.2,5,1,3.396,0,85,Healthy
R18,69,66.72,9.41,51.17,1.26,1.19,10.35,0,0,2.478,0,100,Healthy
R18,70,66.63,11.988496971621887,57.23418939737339,5.7337921181178135,1.51,10.5,8,1,5.489,1,45,Critical
R18,71,66.5,7.61,40.57,1.6,1.42,10.65,0,0,1.646,0,100,Healthy
R18,72,66.42,5.94,40.36,2.0,1.43,10.8,2,0,1.731,0,100,Healthy
R18,73,66.15,8.74,47.62,2.69,1.49,10.95,4,0,1.862,0,100,Healthy
R18,74,65.91,8.97,42.22,2.74,1.58,11.1,1,0,1.02,0,100,Healthy
R18,75,65.85,8.16,45.38,1.94,1.39,11.25,3,0,1.609,0,100,Healthy
R18,76,65.71,8.09,53.57,3.05,1.51,11.4,0,0,2.057,0,100,Healthy
R18,77,65.46,7.17,41.45,2.6,1.87,11.55,0,0,2.026,0,100,Healthy
R18,78,65.4,9.47,44.26,3.74,1.0,11.7,2,0,2.509,0,100,Healthy
R18,79,65.2,9.67,45.81,2.74,1.52,11.85,0,0,1.517,0,100,Healthy
R18,80,64.91,10.39,44.22,2.33,1.3,12.0,2,0,1.753,0,100,Healthy
R18,81,64.73,9.6,37.56,3.88,1.32,12.15,0,0,2.169,0,100,Healthy
R18,82,64.6,11.90626926288923,54.887423871913114,3.970726389851988,1.76,12.3,5,1,3.75,0,85,Healthy
R18,83,64.42,8.7,42.28,2.84,1.49,12.45,1,0,1.279,0,100,Healthy
R18,84,64.32,8.39,39.38,1.99,1.7,12.6,0,0,1.889,0,100,Healthy
R18,85,64.03,6.46,36.56,2.62,1.71,12.75,0,0,2.215,0,100,Healthy
R18,86,63.75,7.63,47.05,3.1,1.51,12.9,1,0,1.594,0,100,Healthy
R18,87,63.65,12.802049531091152,57.90151435230048,6.152182524182268,1.45,13.05,6,1,5.355,1,25,Critical
R18,88,63.5,7.23,36.6,2.77,1.64,13.2,0,0,2.063,0,100,Healthy
R18,89,63.43,7.08,49.6,2.28,1.88,13.35,0,0,2.536,0,100,Healthy
R18,90,63.27,8.48,43.24,2.52,1.34,13.5,0,0,1.811,0,100,Healthy
R18,91,63.1,7.64,46.21,2.63,1.65,13.65,2,0,1.788,0,100,Healthy
R18,92,62.99,6.62,40.15,0.18,1.35,13.8,2,0,3.08,0,100,Healthy
R18,93,62.71,7.68,43.74,0.97,1.49,13.95,1,0,2.324,0,100,Healthy
R18,94,62.45,18.85448106540413,38.690941803024195,8.85200731419918,1.48,14.1,6,1,8.259,1,45,Critical
R18,95,62.25,8.63,40.13,1.66,1.2,14.25,1,0,2.337,0,100,Healthy
R18,96,62.13,5.82,36.84,4.21,1.65,14.4,2,1,2.819,0,80,Healthy
R18,97,62.05,8.71,44.19,2.1,1.12,14.55,1,0,2.394,0,100,Healthy
R18,98,61.83,7.94,38.41,2.37,1.82,14.7,0,0,2.45,0,100,Healthy
R18,99,61.54,8.31,43.88,1.63,1.41,14.85,3,0,2.321,0,100,Healthy
R19,0,59.82,6.63,42.35,2.43,1.12,0.0,0,0,2.693,0,100,Healthy
R19,1,59.66,9.7,39.95,2.75,1.19,0.15,0,0,2.481,0,100,Healthy
R19,2,59.42,7.07,56.17,2.25,1.45,0.3,0,1,2.935,0,80,Healthy
R19,3,59.18,8.48,44.55,2.67,2.07,0.45,1,0,2.868,0,100,Healthy
R19,4,58.92,9.42,47.31,3.21,1.52,0.6,0,0,2.161,0,100,Healthy
R19,5,58.77,7.95,49.67,2.28,1.7,0.75,1,0,2.23,0,100,Healthy
R19,6,58.61,5.51,43.0,3.12,1.18,0.9,0,0,2.724,0,100,Healthy
R19,7,58.34,7.24,44.86,3.09,1.9,1.05,0,0,2.546,0,100,Healthy
R19,8,58.22,9.98,38.23,2.86,2.05,1.2,2,0,2.942,0,100,Healthy
R19,9,57.97,8.95,40.29,3.31,1.6,1.35,1,0,1.894,0,100,Healthy
R19,10,57.79,9.74,37.26,3.38,1.48,1.5,2,0,2.121,0,100,Healthy
R19,11,57.49,8.52,44.54,2.8,1.0,1.65,0,0,2.686,0,100,Healthy
R19,12,57.31,8.21,36.29,1.67,1.9,1.8,2,0,2.679,0,100,Healthy
R19,13,57.06,14.026005223138046,53.25256604394502,7.186371636964489,1.44,1.95,7,1,6.316,1,45,Critical
R19,14,56.83,8.25,40.62,2.17,1.25,2.1,2,0,2.017,0,100,Healthy
R19,15,56.57,8.63,39.37,1.74,1.64,2.25,0,0,2.126,0,100,Healthy
R19,16,56.49,6.5,39.53,2.52,1.43,2.4,2,0,1.971,0,100,Healthy
R19,17,56.3,5.92,40.94,2.41,1.35,2.55,0,0,2.244,0,100,Healthy
R19,18,56.12,8.4,32.46,3.3,1.11,2.7,0,0,2.873,0,100,Healthy
R19,19,55.98,8.37,41.08,2.68,1.78,2.85,4,0,2.399,0,100,Healthy
R19,20,55.89,8.55,51.8,3.06,1.43,3.0,2,0,2.078,0,100,Healthy
R19,21,55.81,6.23,30.57,1.84,1.53,3.15,1,0,2.778,0,100,Healthy
R19,22,55.71,11.01,51.03,3.55,1.42,3.3,1,0,2.427,0,100,Healthy
R19,23,55.48,12.171398840893096,59.422899503942766,6.969629826541908,1.46,3.45,4,1,5.439,1,40,Critical
R19,24,55.31,14.495886197084676,61.18229485824973,7.1232769734205394,1.51,3.6,7,1,6.73,1,25,Critical
R19,25,55.26,9.38,41.68,2.65,1.75,3.75,1,0,1.796,0,100,Healthy
R19,26,55.02,6.96,42.4,2.44,1.7,3.9,0,0,1.94,0,100,Healthy
R19,27,54.82,6.71,45.23,2.14,1.7,4.05,0,0,2.059,0,100,Healthy
R19,28,54.67,5.89,44.42,2.86,1.74,4.2,1,0,2.107,0,100,Healthy
R19,29,54.49,6.06,42.04,1.57,2.03,4.35,1,0,2.939,0,100,Healthy
R19,30,54.44,5.5,43.39,1.99,1.12,4.5,0,0,2.686,0,100,Healthy
R19,31,54.26,16.38115934306541,59.799578746500664,4.296274113763401,1.84,4.65,7,1,6.091,1,25,Critical
R19,32,54.04,5.65,34.23,2.03,1.63,4.8,0,0,2.607,0,100,Healthy
R19,33,53.93,6.5,38.74,3.44,1.59,4.95,1,0,1.958,0,100,Healthy
R19,34,53.63,9.605014967046548,61.85952719252754,6.709451184710433,1.69,5.1,4,1,5.201,1,60,Warning
R19,35,53.47,8.02,47.69,3.07,1.93,5.25,1,0,2.303,0,100,Healthy
R19,36,53.27,14.220984988443343,53.725229435126494,4.534859570789797,1.94,5.4,3,1,4.351,0,60,Warning
R19,37,53.12,7.57,35.5,3.5,1.33,5.55,2,0,2.137,0,100,Healthy
R19,38,52.84,7.4,44.66,1.78,2.11,5.7,2,0,2.938,0,100,Healthy
R19,39,52.77,7.59,51.76,1.64,1.53,5.85,0,0,2.322,0,100,Healthy
R19,40,52.61,7.87,41.42,3.11,1.65,6.0,1,0,1.6,0,100,Healthy
R19,41,52.55,7.87,41.06,3.67,1.58,6.15,1,0,1.737,0,100,Healthy
R19,42,52.47,7.28,48.18,2.57,1.93,6.3,3,0,2.533,0,100,Healthy
R19,43,52.3,8.22,41.52,1.75,1.47,6.45,1,0,1.684,0,100,Healthy
R19,44,52.12,5.69,45.64,2.91,1.62,6.6,0,0,2.168,0,100,Healthy
R19,45,51.88,6.28,41.65,2.26,1.29,6.75,0,0,2.142,0,100,Healthy
R19,46,51.58,7.9,38.94,1.21,1.39,6.9,1,0,2.165,0,100,Healthy
R19,47,51.33,9.13,33.38,2.92,1.58,7.05,2,0,2.158,0,100,Healthy
R19,48,51.16,8.54,43.6,2.33,1.29,7.2,1,0,1.725,0,100,Healthy
R19,49,51.03,10.08,34.54,2.5,1.51,7.35,0,0,2.258,0,100,Healthy
R19,50,50.93,15.42814278131819,49.39982996286303,3.7468639826854293,1.55,7.5,8,1,5.427,1,65,Warning
R19,51,50.8,7.66,49.84,2.95,1.68,7.65,3,0,2.182,0,100,Healthy
R19,52,50.69,9.71,39.2,1.76,1.62,7.8,0,0,2.124,0,100,Healthy
R19,53,50.47,8.0,33.65,2.78,1.9,7.95,0,0,2.716,0,100,Healthy
R19,54,50.37,7.14,37.86,2.62,2.21,8.1,0,0,3.387,0,100,Healthy
R19,55,50.3,16.226275732180852,53.868677436373765,5.368295896275977,1.8,8.25,4,1,5.374,1,60,Warning
R19,56,50.08,16.976067670419866,55.91848062389128,3.9808125390408393,1.47,8.4,7,1,5.897,1,45,Critical
R19,57,49.81,9.24,35.45,0.9,1.45,8.55,2,0,2.646,0,100,Healthy
R19,58,49.53,9.48,44.19,2.11,0.92,8.7,1,0,2.89,0,100,Healthy
R19,59,49.35,9.63,46.43,1.74,1.56,8.85,1,0,2.026,0,100,Healthy
R19,60,49.18,8.4,44.26,3.67,1.45,9.0,0,0,2.043,0,100,Healthy
R19,61,48.96,7.57,34.37,2.36,1.42,9.15,0,0,2.356,0,100,Healthy
R19,62,48.73,8.1,40.33,2.27,1.52,9.3,2,0,1.837,0,100,Healthy
R19,63,48.6,7.78,38.43,2.25,2.01,9.45,1,0,2.761,0,100,Healthy
R19,64,48.49,8.32,36.86,1.68,1.33,9.6,1,0,2.306,0,100,Healthy
R19,65,48.34,7.71,54.9,2.88,1.05,9.75,1,0,3.101,0,100,Healthy
R19,66,48.17,9.29,42.89,3.71,1.08,9.9,0,0,2.739,0,100,Healthy
R19,67,47.93,8.5,43.25,2.86,1.74,10.05,1,0,2.036,0,100,Healthy
R19,68,47.73,7.4,42.37,4.21,1.58,10.2,0,1,2.502,0,80,Healthy
R19,69,47.61,7.41,52.89,2.22,1.73,10.35,0,0,2.73,0,100,Healthy
R19,70,47.32,7.55,43.31,3.05,1.36,10.5,3,0,2.238,0,100,Healthy
R19,71,47.09,8.41,38.76,2.51,1.13,10.65,1,0,2.509,0,100,Healthy
R19,72,46.89,7.01,36.0,3.39,0.86,10.8,1,0,3.488,0,100,Healthy
R19,73,46.77,8.42,35.43,2.11,1.62,10.95,0,0,2.515,0,100,Healthy
R19,74,46.53,8.28,41.49,1.82,1.8,11.1,0,0,2.573,0,100,Healthy
R19,75,46.35,8.63,38.92,2.3,1.5,11.25,1,0,2.164,0,100,Healthy
R19,76,46.17,8.32,34.75,1.82,1.3,11.4,0,0,2.78,0,100,Healthy
R19,77,46.03,8.24,34.95,2.75,2.06,11.55,1,0,3.251,0,100,Healthy
R19,78,45.85,9.57,39.82,2.14,1.59,11.7,0,0,2.436,0,100,Healthy
R19,79,45.58,9.37,42.57,2.53,1.33,11.85,2,0,2.32,0,100,Healthy
R19,80,45.47,9.23,40.69,3.22,1.38,12.0,1,0,2.335,0,100,Healthy
R19,81,45.26,7.91,46.19,2.43,1.26,12.15,1,0,2.469,0,100,Healthy
R19,82,45.1,6.12,54.93,2.86,1.37,12.3,0,0,3.214,0,100,Healthy
R19,83,44.85,6.31,42.4,2.99,1.82,12.45,2,0,2.805,0,100,Healthy
R19,84,44.6,9.66,47.81,2.69,1.8,12.6,1,0,2.728,0,100,Healthy
R19,85,44.48,8.52,36.13,2.41,1.48,12.75,0,0,2.676,0,100,Healthy
R19,86,44.28,9.57,38.43,2.32,0.92,12.9,1,0,3.411,0,100,Healthy
R19,87,44.14,10.01,30.28,3.11,1.77,13.05,3,0,3.479,0,100,Healthy
R19,88,43.88,9.29,47.55,3.26,1.33,13.2,1,0,2.681,0,100,Healthy
R19,89,43.67,6.14,41.39,3.58,1.2,13.35,0,0,3.152,0,100,Healthy
R19,90,43.47,6.98,44.5,3.03,1.3,13.5,2,0,2.742,0,100,Healthy
R19,91,43.41,12.11144774142262,56.80673971688076,8.342451485896943,1.69,13.65,4,1,6.638,1,40,Critical
R19,92,43.11,7.16,41.91,2.59,1.67,13.8,1,0,2.705,0,100,Healthy
R19,93,42.86,7.03,41.71,1.94,1.89,13.95,0,0,3.234,0,100,Healthy
R19,94,42.8,8.95,44.6,3.37,0.99,14.1,0,0,3.437,0,100,Healthy
R19,95,42.6,7.99,40.44,2.96,1.56,14.25,1,0,2.695,0,100,Healthy
R19,96,42.4,7.8,45.51,3.0,1.42,14.4,0,0,2.842,0,100,Healthy
R19,97,42.32,7.86,41.94,1.63,1.4,14.55,2,0,2.937,0,100,Healthy
R19,98,42.26,9.17,44.22,3.06,1.63,14.7,0,0,2.904,0,100,Healthy
R19,99,41.98,6.57,45.46,2.34,1.09,14.85,1,0,3.357,0,100,Healthy
R20,0,89.44,5.7,36.85,2.6,1.85,0.0,2,0,3.113,0,100,Healthy
R20,1,89.17,9.01,37.5,1.82,1.21,0.15,0,0,2.874,0,100,Healthy
R20,2,88.94,15.719744283306907,56.32322928589383,7.222133524593987,1.22,0.3,5,1,6.656,1,25,Critical
R20,3,88.79,5.35,40.69,3.32,1.22,0.45,0,0,3.017,0,100,Healthy
R20,4,88.56,8.13,45.54,2.04,1.54,0.6,1,0,2.238,0,100,Healthy
R20,5,88.36,8.07,43.49,2.21,1.93,0.75,0,0,2.797,0,100,Healthy
R20,6,88.11,8.06,35.86,1.8,2.07,0.9,0,0,3.39,0,100,Healthy
R20,7,87.94,7.28,32.87,3.14,1.01,1.05,0,0,3.345,0,100,Healthy
R20,8,87.64,6.32,42.02,3.28,1.48,1.2,0,0,2.405,0,100,Healthy
R20,9,87.42,6.49,42.91,2.17,1.78,1.35,0,0,2.558,0,100,Healthy
R20,10,87.17,8.94,43.36,3.46,1.68,1.5,1,0,2.139,0,100,Healthy
R20,11,86.92,7.21,42.87,1.91,1.5,1.65,3,0,2.266,0,100,Healthy
R20,12,86.72,8.61,35.57,3.17,1.74,1.8,2,0,2.395,0,100,Healthy
R20,13,86.58,7.98,51.91,2.66,1.16,1.95,1,0,2.611,0,100,Healthy
R20,14,86.33,7.56,41.64,2.54,1.53,2.1,0,0,1.963,0,100,Healthy
R20,15,86.05,9.13,44.23,2.08,1.83,2.25,1,0,2.23,0,100,Healthy
R20,16,85.92,8.37,43.1,2.31,1.94,2.4,0,0,2.518,0,100,Healthy
R20,17,85.86,7.23,30.87,2.58,1.8,2.55,0,0,2.905,0,100,Healthy
R20,18,85.61,8.29,51.19,1.89,1.51,2.7,2,0,2.184,0,100,Healthy
R20,19,85.49,7.66,44.66,2.83,2.02,2.85,1,0,2.592,0,100,Healthy
R20,20,85.37,8.98,47.88,1.61,1.68,3.0,0,0,2.244,0,100,Healthy
R20,21,85.12,5.66,41.55,3.28,1.36,3.15,4,0,2.636,0,100,Healthy
R20,22,85.01,7.27,45.15,1.88,1.31,3.3,1,0,1.944,0,100,Healthy
R20,23,84.92,9.27,41.34,3.2,1.55,3.45,0,0,1.772,0,100,Healthy
R20,24,84.83,6.6,54.02,3.28,1.65,3.6,2,0,2.512,0,100,Healthy
R20,25,84.73,6.83,42.64,1.85,1.33,3.75,1,0,1.918,0,100,Healthy
R20,26,84.67,9.35,50.01,3.18,1.82,3.9,0,0,2.331,0,100,Healthy
R20,27,84.55,7.07,45.22,2.66,1.48,4.05,2,0,1.572,0,100,Healthy
R20,28,84.45,8.82,47.21,2.89,1.97,4.2,2,0,2.358,0,100,Healthy
R20,29,84.31,7.54,45.77,3.78,1.6,4.35,2,0,1.808,0,100,Healthy
R20,30,84.05,8.75,46.12,1.11,1.4,4.5,3,0,2.236,0,100,Healthy
R20,31,83.89,8.5,41.85,1.88,1.92,4.65,0,0,2.301,0,100,Healthy
R20,32,83.7,7.7,50.09,3.14,1.46,4.8,0,0,1.858,0,100,Healthy
R20,33,83.59,11.577783533016325,56.02177730329473,6.737748485321206,1.32,4.95,4,1,4.937,0,60,Warning
R20,34,83.36,7.27,34.75,1.46,1.27,5.1,0,0,2.449,0,100,Healthy
R20,35,83.18,9.8,37.34,2.63,1.83,5.25,0,0,2.146,0,100,Healthy
R20,36,82.98,8.18,39.19,1.8,1.65,5.4,3,0,1.846,0,100,Healthy
R20,37,82.78,7.7,44.92,3.02,1.67,5.55,1,0,1.355,0,100,Healthy
R20,38,82.67,8.39,51.84,2.34,1.39,5.7,2,0,1.804,0,100,Healthy
R20,39,82.47,5.71,41.81,2.34,1.26,5.85,0,0,2.097,0,100,Healthy
R20,40,82.37,5.7,34.04,2.57,1.37,6.0,1,0,2.232,0,100,Healthy
R20,41,82.08,9.6,38.12,2.01,1.46,6.15,1,0,1.506,0,100,Healthy
R20,42,81.8,7.96,38.74,1.99,1.88,6.3,0,0,2.12,0,100,Healthy
R20,43,81.56,8.14,30.21,1.57,1.31,6.45,1,0,2.535,0,100,Healthy
R20,44,81.4,9.91,38.4,2.67,1.65,6.6,1,0,1.458,0,100,Healthy
R20,45,81.19,7.94,39.28,2.13,1.73,6.75,1,0,1.486,0,100,Healthy
R20,46,80.93,6.53,46.32,2.28,1.35,6.9,1,0,1.526,0,100,Healthy
R20,47,80.85,8.56,36.37,3.16,2.04,7.05,0,0,2.611,0,100,Healthy
R20,48,80.71,7.78,40.67,2.96,1.56,7.2,1,0,1.01,0,100,Healthy
R20,49,80.41,8.35,38.77,2.06,1.14,7.35,1,0,1.856,0,100,Healthy
R20,50,80.29,6.53,35.62,1.52,1.45,7.5,1,0,2.015,0,100,Healthy
R20,51,80.19,9.05,40.46,1.24,1.49,7.65,1,0,1.649,0,100,Healthy
R20,52,80.03,12.530360762492279,59.281104087930274,5.006382276482297,1.36,7.8,6,1,4.722,0,25,Critical
R20,53,79.81,8.38,42.78,2.75,1.84,7.95,0,0,1.682,0,100,Healthy
R20,54,79.69,8.64,33.11,2.33,1.47,8.1,1,0,1.75,0,100,Healthy
R20,55,79.53,8.31,40.42,3.13,1.54,8.25,3,0,1.317,0,100,Healthy
R20,56,79.25,6.69,34.83,2.57,1.36,8.4,2,0,1.819,0,100,Healthy
R20,57,79.09,8.61,36.91,1.97,1.26,8.55,2,0,1.709,0,100,Healthy
R20,58,78.91,6.17,44.76,1.95,1.53,8.7,3,0,1.776,0,100,Healthy
R20,59,78.78,8.11,40.58,0.91,1.99,8.85,1,0,2.663,0,100,Healthy
R20,60,78.73,8.0,39.38,1.84,1.36,9.0,1,0,1.386,0,100,Healthy
R20,61,78.51,8.21,31.1,3.32,1.5,9.15,1,0,2.076,0,100,Healthy
R20,62,78.36,8.84,43.62,1.72,1.32,9.3,0,0,1.595,0,100,Healthy
R20,63,78.25,7.61,40.67,2.04,1.31,9.45,3,0,1.643,0,100,Healthy
R20,64,77.99,6.16,39.03,3.38,1.57,9.6,3,0,1.88,0,100,Healthy
R20,65,77.84,8.01,41.96,1.71,1.14,9.75,0,0,2.036,0,100,Healthy
R20,66,77.71,7.5,41.58,1.73,1.39,9.9,0,0,1.588,0,100,Healthy
R20,67,77.44,5.99,39.64,1.75,1.57,10.05,0,0,1.952,0,100,Healthy
R20,68,77.25,8.91,36.44,3.59,1.49,10.2,1,0,1.584,0,100,Healthy
R20,69,77.12,6.95,39.74,2.91,1.68,10.35,1,0,1.437,0,100,Healthy
R20,70,77.05,9.7,43.35,1.38,1.63,10.5,1,0,1.712,0,100,Healthy
R20,71,76.87,5.14,40.75,2.93,1.59,10.65,0,0,2.062,0,100,Healthy
R20,72,76.58,10.29,42.55,2.43,1.79,10.8,1,0,1.723,0,100,Healthy
R20,73,76.49,9.03,43.83,2.7,1.7,10.95,1,0,1.261,0,100,Healthy
R20,74,76.2,9.36,37.8,4.14,1.67,11.1,2,1,2.028,0,80,Healthy
R20,75,75.91,8.02,41.33,3.18,1.72,11.25,1,0,1.422,0,100,Healthy
R20,76,75.86,7.42,41.86,2.0,1.49,11.4,1,0,1.335,0,100,Healthy
R20,77,75.8,11.154595834983303,50.130222786815125,4.4220209058227615,1.51,11.55,7,1,4.075,0,65,Warning
R20,78,75.72,9.6,40.73,3.83,1.51,11.7,1,0,1.653,0,100,Healthy
R20,79,75.46,6.26,40.99,2.33,1.76,11.85,2,0,1.915,0,100,Healthy
R20,80,75.2,5.85,48.93,3.45,1.16,12.0,1,0,2.439,0,100,Healthy
R20,81,75.01,8.92,45.95,4.1,1.62,12.15,3,1,2.075,0,80,Healthy
R20,82,74.71,7.52,41.72,1.87,1.42,12.3,0,0,1.711,0,100,Healthy
R20,83,74.59,8.16,40.38,2.85,1.09,12.45,3,0,2.263,0,100,Healthy
R20,84,74.48,8.12,38.27,1.93,1.3,12.6,3,0,2.028,0,100,Healthy
R20,85,74.21,8.57,42.78,2.98,1.11,12.75,1,0,2.017,0,100,Healthy
R20,86,73.94,14.11408582103768,63.41183152044509,5.023492738196182,0.91,12.9,7,1,6.237,1,25,Critical
R20,87,73.75,7.6,31.86,2.27,1.22,13.05,0,0,2.62,0,100,Healthy
R20,88,73.62,6.46,36.98,2.94,1.37,13.2,1,0,2.005,0,100,Healthy
R20,89,73.47,11.94,45.92,2.31,1.72,13.35,2,0,2.434,0,100,Healthy
R20,90,73.19,7.86,34.76,3.86,1.26,13.5,1,0,2.417,0,100,Healthy
R20,91,73.03,8.02,41.93,2.48,1.63,13.65,0,0,1.748,0,100,Healthy
R20,92,72.78,6.8,48.8,3.89,1.94,13.8,0,0,2.875,0,100,Healthy
R20,93,72.59,5.84,39.26,2.46,1.48,13.95,0,0,2.213,0,100,Healthy
R20,94,72.4,9.93,49.53,1.58,1.03,14.1,3,0,3.036,0,100,Healthy
R20,95,72.19,8.18,39.86,1.5,2.05,14.25,1,0,2.926,0,100,Healthy
R20,96,71.92,7.87,46.35,2.0,1.39,14.4,1,0,1.898,0,100,Healthy
R20,97,71.65,9.39,48.81,2.09,1.52,14.55,3,0,2.205,0,100,Healthy
R20,98,71.42,8.19,39.34,3.02,1.68,14.7,1,0,1.943,0,100,Healthy
R20,99,71.12,7.82,43.59,1.74,1.82,14.85,1,0,2.322,0,100,Healthy
